ResponseId,actual,predicted,abs_error
1,61256.000000000044,62414.02788776536,1158.0278877653182
10004,99773.00000000004,79238.22041156211,20534.77958843793
10016,84999.99999999996,87681.73035809184,2681.7303580918815
1002,145018.00000000012,105318.7900488946,39699.20995110551
10030,100764.99999999997,102763.77144580135,1998.7714458013797
10053,232028.99999999985,131861.05899496676,100167.94100503309
10055,215000.0,159174.5416862563,55825.4583137437
10074,29951.000000000025,63952.87609565016,34001.876095650136
10085,20923.00000000002,29845.7381744889,8922.73817448888
10090,34035.00000000002,41390.59866074844,7355.598660748416
10097,90491.00000000006,64788.86498519041,25702.135014809646
10100,26198.000000000022,35728.28460921766,9530.28460921764
10137,36758.000000000015,56901.97085524709,20143.970855247077
10138,52050.00000000002,52539.29481054029,489.2948105402684
1015,145916.99999999988,133622.07158046594,12294.928419533942
10151,51511.000000000015,49656.35933081211,1854.640669187902
10164,98158.00000000006,92196.2629242067,5961.737075793353
10178,55686.999999999956,54360.677330345876,1326.3226696540805
10189,56167.000000000044,101913.15943400403,45746.15943400399
10192,89868.00000000004,100491.44858545256,10623.448585452512
1020,19138.999999999993,15985.110697303688,3153.889302696305
10224,76570.00000000006,73187.52504632552,3382.4749536745367
10237,66128.00000000006,81475.5509557755,15347.550955775441
10244,99773.00000000004,78968.74127192618,20804.258728073866
10246,149755.99999999997,103160.84110900064,46595.15889099933
10264,136449.99999999994,65603.04058167565,70846.95941832429
10280,127616.0000000001,84682.54649190189,42933.45350809822
10282,61264.00000000001,62373.64071815316,1109.640718153154
1029,68224.99999999994,85517.1621220796,17292.16212207965
10308,39444.99999999998,53818.76522434576,14373.765224345785
10317,51045.99999999999,83977.85157554473,32931.85157554474
10324,98702.99999999994,121265.05750411343,22562.057504113487
10328,78616.0,83974.32502252031,5358.325022520308
10332,185623.00000000006,102087.95794190456,83535.0420580955
10340,121570.00000000009,53835.04424994956,67734.95575005052
10344,72671.99999999996,62364.38692168392,10307.613078316033
1035,13169.00000000001,24972.389982098655,11803.389982098646
10356,156149.00000000003,76400.65840937632,79748.3415906237
10358,81209.99999999994,104692.44069426064,23482.440694260702
10359,116014.99999999991,135057.231091726,19042.231091726077
1038,139218.0000000001,102465.17981908223,36752.82018091786
10380,189999.9999999999,143202.8205409475,46797.17945905242
10381,35964.99999999999,36440.97527327069,475.9752732706984
10383,149522.00000000006,125593.23777233232,23928.762227667743
10389,139218.0000000001,105838.0140744099,33379.98592559018
10407,55000.00000000004,44330.6926712143,10669.307328785733
1041,13106.999999999989,37310.19990096254,24203.199900962554
10423,116014.99999999991,127814.76825331105,11799.768253311137
1044,36407.00000000001,24665.70994758521,11741.290052414799
10443,150000.00000000006,188913.412671674,38913.412671673956
10448,71465.0,62124.86691310484,9340.133086895163
1046,248058.0,135601.2483555708,112456.7516444292
10461,69609.0,68171.31634529584,1437.6836547041603
1048,49886.00000000002,40241.81852137234,9644.181478627681
10505,21843.999999999993,49134.1011097146,27290.101109714604
10512,41929.000000000015,66033.39827191937,24104.39827191936
10518,210000.0,89565.00810676132,120434.99189323868
10531,101941.0,88335.99027663634,13605.009723363662
10540,83531.00000000003,75429.07521213319,8101.924787866839
10549,75409.99999999997,84356.70338998466,8946.703389984687
10571,84999.99999999996,122585.27352143492,37585.27352143497
1058,199999.99999999997,209679.04110096698,9679.041100967006
1062,92812.00000000007,103029.68317089308,10217.683170893011
10636,56908.00000000002,66102.97946076178,9194.979460761759
10637,159999.99999999997,182132.99249771034,22132.992497710366
10648,80000.0,103190.2911327125,23190.291132712504
10669,75555.99999999999,60651.50263061363,14904.497369386358
10680,87999.99999999996,69496.31440320374,18503.68559679622
10687,34804.0,66914.48969127626,32110.489691276263
10689,107000.00000000003,128954.87634170597,21954.876341705938
10691,65496.00000000005,34806.14922256872,30689.850777431333
10697,40000.0,85248.55531176613,45248.55531176613
10704,83531.00000000003,93860.7840502578,10329.784050257775
10710,48726.000000000044,47026.16107233177,1699.838927668272
10731,62017.00000000001,73080.10951386753,11063.109513867523
10740,29060.0,53574.76179420223,24514.761794202233
10747,89198.00000000004,45099.64722078288,44098.352779217166
10748,37197.00000000002,38977.3924173005,1780.392417300478
10751,92812.00000000007,86666.27782653166,6145.7221734684135
10752,104413.00000000009,88587.7860402854,15825.213959714689
10769,153999.99999999988,104004.05614646545,49995.94385353444
10775,96714.00000000003,131566.7875122033,34852.78751220327
10799,58586.999999999956,54127.073756858,4459.926243141956
10806,109438.00000000009,91826.02911353494,17611.970886465147
1082,249999.9999999998,145848.49418718126,104151.50581281853
10821,116733.00000000003,134112.8261247442,17379.82612474417
10828,23133.00000000001,30780.312078771167,7647.312078771156
10838,73932.0,64054.61570667585,9877.384293324147
10856,99773.00000000004,74481.1657254515,25291.834274548542
10858,102000.00000000001,96724.32696274169,5275.673037258326
10860,47649.999999999956,66124.72237166933,18474.72237166937
10883,354999.9999999998,246460.31935003,108539.68064996981
10891,104413.00000000009,127157.25845543138,22744.258455431293
109,88492.00000000003,99275.45174578423,10783.451745784201
10901,89867.00000000001,60833.795389860505,29033.20461013951
10911,75409.99999999997,61000.27765940532,14409.72234059465
10913,53094.99999999998,46428.37332048464,6666.626679515335
10914,83046.00000000006,92462.71298174978,9416.712981749719
10923,64967.999999999956,93888.18559331165,28920.18559331169
1093,46111.00000000001,38621.196965395015,7489.803034604993
10930,80000.0,80915.6105074412,915.6105074412044
10936,75000.00000000004,142287.294522667,67287.29452266697
10946,82000.0,81963.95524252138,36.04475747862307
10950,59901.999999999985,54119.38158853907,5782.618411460913
10959,51045.99999999999,40506.18967766946,10539.81032233053
10963,47931.99999999997,48233.08958855974,301.0895885597711
10974,92812.00000000007,105450.93528736565,12638.935287365573
10992,249999.9999999998,127806.30208705021,122193.69791294959
10995,25000.000000000004,20063.142346325767,4936.857653674237
11001,215000.0,195168.0740903248,19831.925909675192
1101,253000.0000000001,220668.77898602007,32331.221013980015
11014,60559.999999999985,58484.28366048712,2075.7163395128664
11015,185000.00000000006,114618.49893797644,70381.50106202361
11016,78961.99999999996,79128.41624124478,166.4162412448204
1102,95132.00000000006,124136.96925108548,29004.969251085422
11021,159999.99999999997,179886.49990264903,19886.499902649055
1103,52206.99999999997,51876.421919542496,330.57808045747515
11031,24339.000000000022,53042.16295343761,28703.16295343759
11048,61264.00000000001,97312.98104291015,36048.98104291014
11050,100000.00000000004,139551.41258860438,39551.41258860433
11057,16540.999999999993,20264.908918617697,3723.9089186177043
11067,56908.00000000002,59775.118442921,2867.118442920975
11091,160271.99999999994,135344.48642732523,24927.51357267471
11092,11503.999999999993,20445.604789624103,8941.60478962411
11095,116014.99999999991,69988.23194705002,46026.76805294989
11097,138000.00000000006,108112.88573072641,29887.114269273647
11103,35999.99999999998,66191.80411309302,30191.804113093043
11108,183791.00000000015,121529.36174095982,62261.63825904032
11116,185000.00000000006,161859.97713189144,23140.022868108616
11121,11400.000000000005,29571.72810804068,18171.728108040676
11128,51572.000000000044,51449.16914828311,122.83085171693529
1113,12204.999999999998,36776.536269227174,24571.536269227174
11130,120000.00000000004,90634.79222722987,29365.20777277017
11137,46405.99999999998,39034.33357653002,7371.6664234699565
11147,106462.99999999993,98655.50652976848,7807.4934702314495
11154,78889.99999999996,60253.7500176131,18636.249982386857
11168,100000.00000000004,77680.02481193989,22319.975188060154
1117,103468.00000000004,86763.68669417534,16704.313305824704
11176,170000.00000000012,228376.68434639357,58376.68434639345
11194,74878.00000000001,76660.09749619772,1782.0974961977045
1120,82695.00000000001,86796.08885785704,4101.08885785703
11217,180000.00000000003,174136.81344795425,5863.1865520457795
11228,52903.0,86506.41333256206,33603.413332562064
11235,80000.0,126204.5297078391,46204.5297078391
11239,149755.99999999997,135184.85171823343,14571.148281766538
11252,116733.00000000003,128666.55400324188,11933.55400324185
11265,89000.00000000004,121480.02768358072,32480.027683580673
1127,75559.0,54868.60919080975,20690.39080919025
11275,210252.0000000001,72522.04630503629,137729.9536949638
11278,130999.99999999997,182310.54948758506,51310.549487585085
11296,198389.00000000003,175441.20532695952,22947.79467304051
11300,12786.00000000001,15692.975529972806,2906.9755299727967
11304,181000.00000000006,115203.63684571566,65796.3631542844
11314,11832.000000000004,32080.82968995,20248.829689949995
11329,81209.99999999994,78556.06501722983,2653.934982770108
11339,74888.99999999999,104471.07531997202,29582.075319972035
1134,199999.99999999997,143206.400132355,56793.59986764498
1137,84408.0,85547.48368552382,1139.4836855238245
11375,44999.999999999985,63481.61343003406,18481.61343003407
11376,33699.99999999999,47600.55170915417,13900.551709154177
11389,24028.99999999998,29855.96991237543,5826.969912375447
11391,219999.99999999983,151251.01331311517,68748.98668688466
11396,43505.00000000001,62186.27570529881,18681.2757052988
11406,173589.99999999985,135661.00784364756,37928.992156352295
11413,76824.99999999996,104366.03021483096,27541.030214831
11419,100629.00000000009,66398.01745140574,34230.982548594344
11426,100682.99999999996,137285.41717499983,36602.41717499988
11434,205000.0,180420.55728399847,24579.442716001533
11436,55686.999999999956,46681.05837698,9005.941623019957
11447,58006.99999999995,34343.734145072696,23663.265854927253
11448,31204.99999999999,37442.46568404854,6237.465684048551
1145,249999.9999999998,187732.64212841442,62267.35787158538
11451,232028.99999999985,121193.49625775227,110835.50374224759
11454,157232.0000000001,75643.06226310802,81588.93773689207
11455,142949.00000000006,136219.42291413687,6729.577085863188
11457,11042.999999999998,23426.901499556,12383.901499556001
11475,29195.99999999999,56079.65298918401,26883.652989184022
11482,132299.99999999997,109778.32877619228,22521.671223807687
11483,33839.99999999998,84300.81464964604,50460.81464964606
11489,90000.00000000001,130101.35794512604,40101.35794512603
11500,249999.9999999998,181187.9266446505,68812.0733553493
11535,35733.000000000015,37079.927851057815,1346.9278510578006
11546,92812.00000000007,72145.1182040673,20666.88179593277
1156,155000.00000000012,160079.95356883667,5079.953568836558
11569,69309.99999999999,75904.31239957099,6594.312399571005
11575,92812.00000000007,82482.4639585564,10329.536041443673
11589,155000.00000000012,155931.2123650062,931.2123650060967
11597,81209.99999999994,81533.97889251652,323.9788925165776
11600,58367.00000000001,130283.41396441325,71916.41396441325
11605,23340.0,31034.319193645362,7694.319193645362
1161,57861.00000000003,58003.88687741759,142.8868774175644
11635,29473.0,58706.44577484588,29233.44577484588
1164,129000.0000000001,111831.41077331801,17168.58922668209
11642,139218.0000000001,117820.33161646513,21397.668383534954
1165,76999.99999999997,148893.45539423532,71893.45539423535
11657,233999.9999999999,160756.7251167834,73243.27488321651
11659,75472.00000000006,85719.41565485086,10247.415654850804
11660,110278.99999999996,77704.73432235443,32574.265677645526
11669,21362.00000000002,58330.70123694184,36968.70123694182
1168,127999.99999999997,113502.6216212094,14497.37837879057
11683,225000.00000000015,121071.35785997203,103928.64214002811
11691,31360.00000000003,48239.22103923204,16879.221039232012
11692,93999.99999999997,89546.5253706169,4453.4746293830685
11696,93971.99999999996,82023.51999646574,11948.48000353422
11698,51182.999999999956,39869.21587920023,11313.784120799726
11701,275000.0000000002,183539.99878025742,91460.00121974276
11711,68071.00000000004,164387.50166135785,96316.5016613578
11742,249999.9999999998,214330.7252668677,35669.2747331321
11746,87011.00000000001,100925.33883547779,13914.33883547777
11747,60328.00000000003,69508.76170812224,9180.761708122212
11760,57861.00000000003,49454.524723768685,8406.475276231344
11774,156000.0,154657.0293890499,1342.970610950113
1178,70000.00000000001,60090.03322423025,9909.966775769768
11788,41929.000000000015,47107.68405642057,5178.684056420556
11805,120000.00000000004,153404.10218249494,33404.1021824949
11808,210000.0,182288.49697254156,27711.503027458442
11821,34035.00000000002,21100.561566476794,12934.438433523228
11824,109438.00000000009,94611.22432233847,14826.775677661615
11826,69609.0,98297.31356750018,28688.313567500183
11828,64967.999999999956,92959.45086670709,27991.450866707135
11829,41462.0,58042.42127202492,16580.42127202492
11839,95999.99999999996,146899.1815101234,50899.18151012344
11847,115720.00000000007,82259.4223523134,33460.577647686674
11856,93999.99999999997,75562.78027622846,18437.219723771515
11858,170000.00000000012,150096.56564213487,19903.434357865248
1187,108913.0,75036.02193546982,33876.97806453018
11871,124999.9999999999,209050.68353981394,84050.68353981404
11873,100000.00000000004,99367.56612775785,632.4338722421962
11907,145628.99999999988,42788.66821629776,102840.33178370213
11908,242000.00000000017,205300.98206098948,36699.01793901069
11927,120000.00000000004,182782.3021972962,62782.30219729616
11946,80000.0,106053.68859459563,26053.68859459563
11956,64999.999999999956,86142.03240519686,21142.032405196907
11958,176484.99999999988,193927.5066581646,17442.506658164726
11964,70000.00000000001,99819.45739800484,29819.45739800483
11965,159999.99999999997,180168.62099206873,20168.620992068754
11973,114999.99999999991,133590.47308462806,18590.473084628145
11974,104413.00000000009,62565.140159393784,41847.8598406063
11983,86109.0,83163.98835803187,2945.011641968129
11994,66000.0,82993.5744557307,16993.574455730704
12010,63807.999999999985,97255.97166466288,33447.971664662895
12012,70208.00000000001,67673.20628907361,2534.793710926402
12043,37111.0,19350.734188920018,17760.265811079982
12052,17812.999999999996,29313.603428848128,11500.603428848131
12063,108423.99999999991,57886.508365012094,50537.49163498782
12071,87011.00000000001,89333.84662612152,2322.846626121507
12083,90000.00000000001,91839.9401989479,1839.9401989478793
12084,96660.00000000004,140221.98031661627,43561.98031661623
12085,129749.99999999999,149372.10942620097,19622.109426200986
12098,46496.0,36243.046336730134,10252.953663269866
12101,53366.999999999956,63539.686564712574,10172.686564712618
12104,17605.000000000004,20292.12418322981,2687.1241832298074
12109,54610.99999999997,30677.59709253937,23933.4029074606
12111,175000.00000000012,96152.91268931513,78847.08731068499
12117,98826.99999999996,94771.50389024863,4055.4961097513296
12118,20000.000000000015,39888.07967771547,19888.079677715454
12119,50314.00000000004,53571.24578283794,3257.2457828379047
12130,18330.999999999985,41498.1666837233,23167.166683723313
12134,80000.0,155175.43983663796,75175.43983663796
12155,219999.99999999983,268753.79692848295,48753.79692848312
12159,45508.99999999996,30061.704492717654,15447.29550728231
12160,91013.00000000006,109861.36651609317,18848.366516093112
12175,188526.9999999999,114837.63590704308,73689.36409295684
12186,215999.99999999985,145297.8049692168,70702.19503078304
12195,18203.99999999999,32193.650412344658,13989.650412344668
12211,84999.99999999996,117560.55543048859,32560.555430488632
12227,60000.000000000015,49487.764671207304,10512.23532879271
12232,119494.99999999997,114418.32968785266,5076.670312147311
12235,113765.99999999997,119381.86251585626,5615.862515856294
12246,117637.0000000001,52835.521746836304,64801.4782531638
12251,65008.999999999985,96206.82870151875,31197.828701518767
12255,80000.0,38100.60406882808,41899.39593117192
12264,93000.00000000007,96362.83506179028,3362.8350617902033
12282,175000.00000000012,92898.77160878468,82101.22839121544
12302,130000.00000000009,155074.16652426257,25074.166524262488
12304,170000.00000000012,169828.6017676987,171.3982323014061
12318,22086.0,63977.464201864444,41891.464201864444
12322,116000.0000000001,160567.63725778504,44567.63725778494
12373,123518.00000000003,124408.13014919842,890.1301491983904
12374,60000.000000000015,138210.93511556578,78210.93511556576
12390,46405.99999999998,66410.14210983925,20004.142109839268
12391,100000.00000000004,107075.937141797,7075.937141796952
12414,294141.99999999977,164676.40295538283,129465.59704461694
12419,98611.99999999996,78032.69137679701,20579.308623202945
12429,40684.00000000001,26912.69812976418,13771.301870235828
12440,99773.00000000004,85536.87806195619,14236.121938043856
12459,93613.00000000007,128168.20784393772,34555.20784393765
12469,16218.000000000004,24609.75831445704,8391.758314457038
12473,32999.99999999999,21317.013628891145,11682.986371108847
12474,74713.00000000001,68228.5454852603,6484.454514739715
12480,85850.99999999993,96934.8454663634,11083.845466363477
12483,49886.00000000002,70912.93579147941,21026.935791479387
12493,116014.99999999991,72619.87451887286,43395.12548112705
12502,58633.99999999999,59540.70408559678,906.7040855967862
12508,148678.0000000001,121360.02244332666,27317.97755667343
12511,115720.00000000007,84402.57838778716,31317.421612212915
12518,69609.0,65533.18920542391,4075.810794576093
12529,71898.99999999999,34132.46461580943,37766.53538419055
12531,49886.00000000002,49072.56238691841,813.437613081609
12542,64967.999999999956,61868.06069310054,3099.9393068994177
12544,60328.00000000003,73389.97993122852,13061.979931228489
12564,70208.00000000001,83975.31706741238,13767.317067412368
12573,34461.99999999998,46484.404293809006,12022.404293809028
12578,53366.999999999956,67972.75220806684,14605.752208066886
12580,85087.99999999994,69707.39401684633,15380.605983153611
12587,68134.00000000001,59137.73035337585,8996.269646624161
12589,17749.000000000007,28202.432373454987,10453.43237345498
12604,142949.00000000006,87134.53750430892,55814.46249569114
12606,74248.99999999999,86500.26425451374,12251.26425451375
12621,141586.9999999999,122443.55711355194,19143.44288644797
12627,42924.99999999996,36547.86514525337,6377.134854746597
12641,59166.99999999997,60436.34419500276,1269.3441950027918
12657,51850.99999999996,35096.34580417641,16754.654195823554
12666,54526.99999999996,65889.56381226094,11362.563812260974
12674,148791.0000000001,140367.10833575146,8423.89166424863
12686,58999.99999999997,98070.07719320265,39070.077193202684
12694,105890.99999999994,108297.46156466039,2406.4615646604507
12724,174021.99999999988,117548.34120248107,56473.658797518816
12729,119804.99999999999,99223.47796408732,20581.52203591267
12732,205484.9999999999,99360.38298701255,106124.61701298736
1274,132056.9999999999,128094.82074469466,3962.179255305251
12743,89098.00000000004,76022.51371513154,13075.4862848685
12750,73016.99999999997,53699.55468351289,19317.44531648708
12755,122604.00000000007,142133.34496662606,19529.344966625984
12761,67289.00000000001,85340.83778246533,18051.837782465314
12773,81318.0,71717.756607233,9600.243392767006
12780,104413.00000000009,100952.18813742363,3460.811862576462
12784,47799.000000000044,47051.71597584739,747.2840241526501
12797,130636.99999999993,123024.92510179005,7612.074898209874
12808,10693.999999999995,22544.399157839438,11850.399157839443
12810,359578.99999999977,234874.9055273914,124704.09447260835
12812,136391.99999999994,129736.23987964552,6655.760120354418
12824,30163.99999999999,25054.113451578018,5109.886548421971
12826,116014.99999999991,52498.90552625614,63516.094473743775
12828,87011.00000000001,77668.17717580612,9342.822824193892
12838,139218.0000000001,75685.7162283661,63532.283771633985
12839,19180.00000000001,26268.03799883519,7088.037998835178
12844,148791.0000000001,144532.66350927032,4258.3364907297655
12845,123993.0000000001,128614.71617646642,4621.716176466318
12848,17402.000000000007,94766.90968744754,77364.90968744754
12849,100990.99999999993,49339.363299733835,51651.63670026609
12861,83980.99999999997,93028.93550391064,9047.935503910674
12868,20882.99999999999,32554.36423666859,11671.3642366686
12870,90353.00000000003,83519.8383839737,6833.161616026322
12872,84125.00000000004,63053.37983864881,21071.62016135123
12885,46496.0,47117.63321331977,621.633213319772
1291,139999.9999999999,175107.52832426145,35107.52832426154
12920,94955.00000000006,72253.67987788745,22701.320122112607
12922,90525.99999999994,79932.03324844054,10593.966751559405
12933,15111.000000000013,27560.929363857962,12449.92936385795
12939,67419.00000000003,30589.776671693886,36829.22332830614
12942,29060.0,20684.461855488833,8375.538144511167
12950,39444.99999999998,29862.245604032883,9582.754395967095
12952,63807.999999999985,64808.31529066361,1000.3152906636242
12963,92812.00000000007,133607.5311439001,40795.53114390002
12964,22042.99999999998,17377.744952414938,4665.255047585044
12970,60583.00000000005,81984.05989561399,21401.059895613937
12976,87591.00000000006,71978.75446675043,15612.245533249632
1298,35948.99999999999,30513.90995450878,5435.090045491212
12983,104413.00000000009,115729.41487435487,11316.414874354785
12989,34804.0,37043.07983293684,2239.079832936841
12991,119076.00000000003,114565.7085584454,4510.291441554626
12997,39664.999999999985,44563.9163326139,4898.916332613917
1300,162999.99999999988,216930.5754388071,53930.575438807224
13003,72393.00000000001,61637.464256271174,10755.53574372884
13005,97514.00000000009,93097.37061299231,4416.629387007779
1301,189999.9999999999,204002.89099502354,14002.890995023627
13023,46405.99999999998,66561.76891719359,20155.768917193614
13026,115717.00000000007,73089.57068909523,42627.429310904845
13028,38284.99999999997,45669.24497143546,7384.244971435488
13035,120000.00000000004,172873.91258933194,52873.9125893319
13037,142591.99999999988,97590.89592132134,45001.104078678545
13041,95298.99999999993,55330.83001225168,39968.169987748246
13059,92812.00000000007,106926.14862309552,14114.148623095447
13061,60000.000000000015,53233.66434217483,6766.335657825184
13064,93044.00000000009,103103.98680925425,10059.986809254158
13066,11999.999999999998,175554.7925579183,163554.7925579183
13069,27227.99999999998,54132.30176789325,26904.30176789327
13070,55398.99999999998,71832.48974575696,16433.489745756982
13075,126473.00000000012,136839.70955274793,10366.709552747809
13088,48726.000000000044,42249.157390978864,6476.84260902118
1310,116014.99999999991,114739.61643330974,1275.3835666901723
13135,66310.00000000001,63986.67979607378,2323.3202039262324
13139,58507.00000000001,85675.59942047171,27168.599420471706
1316,68581.00000000001,62539.68646881697,6041.313531183041
13160,115720.00000000007,105938.62254899119,9781.377451008884
13165,57953.00000000005,77980.49513237855,20027.4951323785
13191,18784.000000000015,67648.96075787354,48864.96075787353
1321,375000.00000000006,253031.65348439428,121968.34651560578
13211,81209.99999999994,101702.26824548216,20492.26824548222
13222,46405.99999999998,44076.61966462935,2329.3803353706317
13228,92812.00000000007,120559.82622480852,27747.82622480845
13249,87011.00000000001,70391.85485587061,16619.145144129405
1325,189999.9999999999,205077.38059050572,15077.38059050581
13266,146500.00000000006,93771.29933244894,52728.70066755112
13269,52800.000000000015,102483.20279321598,49683.20279321597
13270,75693.00000000004,80921.51337908025,5228.5133790802065
13275,38278.00000000001,25134.08118829829,13143.918811701718
13289,93971.99999999996,88498.10830825707,5473.891691742887
13290,24812.999999999996,28323.196196066878,3510.1961960668814
13296,59826.00000000002,61492.23794692167,1666.2379469216467
13303,46405.99999999998,54770.60449426772,8364.60449426774
13320,77730.00000000006,66521.13570504429,11208.864294955769
13330,80000.0,64200.322158576106,15799.677841423894
13332,110214.00000000007,94466.16555782632,15747.834442173757
13333,34871.99999999999,32593.029605544856,2278.9703944551366
13339,71999.99999999996,59818.0918851404,12181.908114859558
13343,85556.99999999999,35703.80450926031,49853.19549073967
13348,32748.0,28690.547038357752,4057.452961642248
13356,136141.0000000001,115813.6724864287,20327.327513571392
1336,20000.000000000015,165834.0506206998,145834.05062069977
13364,114999.99999999991,97326.23341776259,17673.766582237324
1338,29004.00000000001,50857.21477275747,21853.21477275746
13382,170000.00000000012,166528.7123847327,3471.2876152674144
1339,116014.99999999991,116570.63517662967,555.6351766297594
13390,42576.99999999996,55728.187862262326,13151.187862262363
134,20109.000000000007,28365.31178100112,8256.311781001114
13401,69609.0,77733.1154949475,8124.115494947502
13423,128953.00000000004,137614.5008461272,8661.50084612715
13431,64967.999999999956,75411.68376847624,10443.683768476287
13432,69609.0,64818.98813088305,4790.011869116948
13446,71999.99999999996,91535.40387957175,19535.403879571793
13462,50118.0,44812.10431171808,5305.895688281918
13465,188999.99999999988,186912.64283386522,2087.357166134665
13468,115040.0,128093.71448777828,13053.714487778285
13476,54456.99999999997,73576.72604612252,19119.726046122552
13491,162000.00000000012,133298.0472469271,28701.952753073012
13505,100000.00000000004,85063.39602807775,14936.60397192229
13507,68924.00000000003,69926.81535384853,1002.8153538485058
1352,210000.0,217979.40308372065,7979.403083720652
13536,174021.99999999988,53970.95845100296,120051.04154899693
13547,109684.0,124830.2578189232,15146.2578189232
13549,64967.999999999956,73416.31654711132,8448.31654711136
13559,229430.99999999985,173698.26295419203,55732.73704580782
13573,120000.00000000004,136570.19699548403,16570.196995483988
13577,36841.00000000003,53494.252548851575,16653.252548851546
13584,53094.99999999998,81180.74906853473,28085.74906853475
13586,74248.99999999999,58996.62977250363,15252.370227496358
13604,194000.00000000006,176103.69331181678,17896.30668818328
13616,32484.000000000022,37577.21027599886,5093.210275998841
13620,90000.00000000001,98524.01718627501,8524.017186275
13621,99500.00000000001,106477.76657887423,6977.766578874216
13630,225000.00000000015,130555.67574220584,94444.3242577943
13636,60000.000000000015,47790.10645434199,12209.893545658022
13640,83531.00000000003,63152.06837424368,20378.931625756348
1365,13192.000000000004,31024.16853781838,17832.168537818376
13668,62015.000000000044,78360.83549887367,16345.835498873625
13670,11745.00000000001,37628.73759544311,25883.737595443105
13672,62754.99999999996,78515.93010992864,15760.930109928675
13673,156499.99999999985,197580.70369993296,41080.7036999331
13684,189999.9999999999,162022.26456791794,27977.735432081972
13685,71349.00000000003,44292.98503666635,27056.014963333677
1369,125999.99999999993,143376.96386854263,17376.963868542705
13699,84999.99999999996,66656.36300832317,18343.636991676787
13706,30623.00000000002,30721.608541187652,98.60854118763382
13716,27992.0,24483.491846433863,3508.5081535661375
13721,62378.99999999996,80402.1075640655,18023.10756406554
13728,17256.00000000001,44137.79037233324,26881.79037233323
13729,75409.99999999997,82670.65352929391,7260.653529293937
13740,195000.00000000006,163740.66181974683,31259.338180253224
13761,145000.00000000012,117711.1322743594,27288.86772564071
13770,117014.00000000001,73660.3619640198,43353.63803598021
13771,120000.00000000004,158144.66112785955,38144.66112785951
13782,85850.99999999993,87682.15918180361,1831.1591818036832
13784,55943.999999999956,104004.09496289508,48060.09496289512
13789,26438.000000000015,39909.291947865524,13471.29194786551
13795,38120.00000000003,43768.30235064099,5648.302350640959
13796,159999.99999999997,112503.09992979962,47496.900070200354
13800,112000.00000000004,151378.37310680473,39378.37310680469
13803,120000.00000000004,112171.86715921343,7828.132840786609
13805,48726.000000000044,66622.38603128398,17896.38603128394
13809,15081.99999999999,20692.67564321091,5610.67564321092
13833,113651.00000000004,112564.7235460026,1086.276453997445
1384,68448.99999999996,91018.78574944685,22569.78574944689
13855,10213.999999999993,118514.76933465982,108300.76933465982
13856,25000.000000000004,141344.0724997573,116344.07249975731
13863,66000.0,65868.88073141943,131.11926858057268
13871,56604.00000000002,43075.990399441,13528.009600559024
13896,31808.00000000001,60779.886020437654,28971.886020437643
13904,124999.9999999999,144221.65699435034,19221.656994350444
13916,138000.00000000006,122709.07310717208,15290.926892827978
1394,105423.99999999997,127912.8741992302,22488.874199230224
13977,304999.99999999977,190854.2143852984,114145.78561470137
13984,65533.000000000015,43734.4356050958,21798.564394904213
13989,299999.99999999977,200533.37586111654,99466.62413888323
14015,156949.99999999994,94071.15600248676,62878.84399751318
14019,57775.0,54307.40866829724,3467.591331702759
14031,299999.99999999977,185377.3061170285,114622.69388297127
14032,14563.000000000004,27773.012848369308,13210.012848369304
14054,31324.00000000001,52787.79960666948,21463.799606669472
14066,182399.99999999985,105754.32834676151,76645.67165323834
14072,108913.0,103391.87704719236,5521.1229528076365
14083,213000.00000000015,152340.76390859648,60659.23609140367
14101,11999.999999999998,28045.35628534876,16045.356285348762
14104,62017.00000000001,53746.505219953535,8270.494780046472
14122,104413.00000000009,55934.19277854602,48478.807221454066
14123,14999.99999999999,25401.15208131199,10401.152081311999
14128,40842.0,43320.527116163794,2478.527116163794
14135,72281.99999999999,93592.67865020176,21310.67865020178
1414,85535.99999999996,73692.43520603543,11843.564793964528
14159,93999.99999999997,163830.47986097468,69830.47986097471
1416,63807.999999999985,119218.22514611334,55410.22514611336
14164,120267.00000000004,160042.68268387546,39775.68268387542
14168,34871.99999999999,45725.71137306107,10853.71137306108
14176,87550.00000000007,84909.67921859375,2640.3207814063207
14177,299999.99999999977,199156.9292690205,100843.07073097926
1418,90000.00000000001,138789.6294965846,48789.629496584574
14186,18949.999999999985,34205.765267582574,15255.765267582588
14206,90000.00000000001,97099.01300739642,7099.01300739641
14217,189999.9999999999,141298.57579987182,48701.424200128095
14248,153999.99999999988,195416.33073045785,41416.330730457965
14257,84328.99999999999,94160.36543930671,9831.365439306726
14266,106000.00000000001,115650.50891980753,9650.508919807515
14268,69744.00000000004,17387.453509923387,52356.54649007665
14277,120267.00000000004,150097.5062908544,29830.506290854348
14284,69609.0,58187.51311311663,11421.486886883373
14290,13949.000000000002,38522.51779871358,24573.517798713583
14294,174021.99999999988,78462.45117369216,95559.54882630773
1430,79778.99999999994,86266.61213845052,6487.612138450582
14300,40000.0,45159.112100759536,5159.112100759536
14303,41765.00000000001,59046.97442797303,17281.974427973022
14312,249999.9999999998,237410.85931118592,12589.140688813874
14347,52307.99999999998,37095.68340128147,15212.316598718506
14348,67289.00000000001,56289.23946746218,10999.760532537832
14350,125785.99999999991,95077.09323346645,30708.90676653346
14377,98611.99999999996,78543.95845267149,20068.041547328467
14381,39298.00000000001,76972.66366945335,37674.663669453344
14382,30163.99999999999,57088.59756963354,26924.597569633548
14383,185623.00000000006,158423.94120026505,27199.05879973501
14385,102092.99999999999,85128.90516175223,16964.09483824775
14419,155521.00000000012,154564.0484538977,956.951546102413
14426,136141.0000000001,134657.73626347413,1483.263736525958
14432,83531.00000000003,83403.94346604023,127.05653395979607
14445,113116.00000000006,152199.74357375785,39083.74357375779
14450,78011.0,95324.9893862164,17313.989386216403
14456,10577.0,18349.059712973445,7772.059712973445
14461,127616.0000000001,62997.36019774165,64618.639802258454
14478,198389.00000000003,178074.63210609197,20314.367893908056
14512,69609.0,65027.19224874254,4581.80775125746
14513,18107.0,24852.939366406918,6745.9393664069175
14519,95298.99999999993,128099.02929141493,32800.029291415005
1452,51037.99999999999,66391.31785597818,15353.317855978188
14521,61264.00000000001,47332.16848931878,13931.83151068123
14526,12014.000000000011,16125.567596736124,4111.567596736113
14527,170920.00000000006,52627.20525637739,118292.79474362267
14547,55686.999999999956,117334.84587755836,61647.8458775584
14572,42416.00000000001,60794.523616458326,18378.52361645832
14576,118334.99999999994,70531.12157437317,47803.87842562677
14585,34804.0,41620.75962128595,6816.75962128595
14594,17999.999999999993,24051.086171510146,6051.086171510153
14602,58006.99999999995,20411.170438772187,37595.82956122776
14603,51974.99999999999,56466.895441023014,4491.895441023022
14610,81209.99999999994,49550.25631584694,31659.743684153
14614,20999.99999999998,32146.561118955793,11146.561118955811
14618,108913.0,119829.03000312531,10916.030003125314
14621,136141.0000000001,93190.98457683752,42950.015423162564
14635,118000.00000000009,162751.54159544327,44751.54159544318
1464,71168.00000000001,41562.76211026343,29605.237889736585
14642,58975.000000000015,57926.3227884242,1048.677211575814
1465,219999.99999999983,166826.7508433296,53173.24915667024
14658,64388.000000000015,58641.96922194665,5746.030778053362
14670,98611.99999999996,103361.309378085,4749.309378085047
14685,70135.00000000004,64110.61779941507,6024.382200584972
1469,69609.0,84362.99114965955,14753.991149659545
14694,38205.999999999985,30323.100450759932,7882.899549240054
1474,110214.00000000007,106437.88742810735,3776.1125718927215
1475,116700.00000000003,162407.7077173658,45707.70771736576
14750,56604.00000000002,59104.122404498914,2500.122404498892
14751,58006.99999999995,71825.07560810467,13818.075608104722
14766,93312.00000000003,124725.196890009,31413.19689000897
14772,120000.00000000004,129578.5262444599,9578.526244459863
1478,15081.99999999999,20836.22462993867,5754.224629938681
14783,102105.99999999996,89707.5776634363,12398.422336563657
1479,87011.00000000001,68397.94367252504,18613.056327474973
14799,50350.000000000015,41399.24018522615,8950.759814773868
14804,92812.00000000007,102638.14705628534,9826.147056285263
14806,124999.9999999999,127479.55703174887,2479.5570317489764
14829,68448.99999999996,61881.19386868229,6567.806131317666
14850,44086.0,92882.76233229515,48796.762332295155
14858,40605.000000000015,36254.85635565001,4350.143644350006
14860,84999.99999999996,60546.7591781479,24453.240821852058
14869,41515.00000000003,35199.182357328544,6315.817642671485
14877,119804.99999999999,153739.98885090215,33934.98885090217
14879,109999.99999999991,144835.5763052491,34835.57630524918
14880,87550.00000000007,64377.65082046261,23172.349179537465
14882,52206.99999999997,59667.27855890367,7460.278558903701
14884,36753.0,31905.95043957397,4847.049560426029
14887,49886.00000000002,43874.05990199114,6011.940098008883
14894,69609.0,96124.69580589441,26515.695805894415
14897,76570.00000000006,95747.83990576939,19177.83990576933
149,150000.00000000006,110060.34794744603,39939.652052554025
14911,127616.0000000001,102569.38503353916,25046.61496646094
14913,139999.9999999999,112262.17402958777,27737.825970412145
14927,118000.00000000009,143391.27727240563,25391.27727240554
14936,159999.99999999997,168664.05976824553,8664.059768245555
14942,159999.99999999997,195934.4056816194,35934.40568161942
14947,69609.0,51903.67961893522,17705.320381064783
14948,75409.99999999997,67062.6160851699,8347.383914830076
14953,162522.99999999994,156505.23549575213,6017.764504247811
14969,90000.00000000001,170151.87820777422,80151.8782077742
14973,115720.00000000007,102758.02029448711,12961.97970551296
14977,107000.00000000003,92112.77719444671,14887.22280555332
14978,52206.99999999997,58635.19137399294,6428.191373992966
14979,120000.00000000004,130520.6391208705,10520.639120870459
14980,11455.99999999999,18991.521391973885,7535.521391973894
14981,205000.0,187390.15639837002,17609.843601629982
14988,118593.00000000007,117089.54207362806,1503.457926372008
14997,54610.99999999997,43308.15418903431,11302.845810965664
1500,75182.99999999999,99966.66060502044,24783.660605020457
15003,97451.99999999997,75525.89727142773,21926.102728572238
15004,42125.0,62693.9329770027,20568.932977002703
15010,185000.00000000006,162096.58967536167,22903.41032463839
15014,127676.99999999994,118910.03245607993,8766.967543920007
15019,68071.00000000004,89952.37287993451,21881.372879934468
15045,199999.99999999997,129700.32776634727,70299.6722336527
15047,61758.999999999985,73933.64055893495,12174.64055893496
15055,127616.0000000001,113955.23334781105,13660.76665218905
15059,63807.999999999985,76184.04076940706,12376.040769407075
15060,34804.0,23759.365414328564,11044.634585671436
15061,78889.99999999996,104216.11062068473,25326.110620684776
15063,150293.99999999988,100071.77299130165,50222.22700869823
15064,77999.99999999994,116561.74911315169,38561.749113151745
15070,95000.00000000001,110541.212371546,15541.21237154599
15080,87327.99999999996,92586.94443179577,5258.944431795811
15086,91198.00000000007,108998.93717813343,17800.93717813336
15088,136449.99999999994,102496.05225190673,33953.94774809321
15090,83959.99999999994,109004.6774446875,25044.677444687564
151,69609.0,87732.59103797722,18123.591037977225
15100,104413.00000000009,83509.76606051667,20903.233939483413
15116,42049.99999999998,36792.83611008484,5257.163889915137
15117,87011.00000000001,83834.25505350175,3176.7449464982637
1512,131570.00000000003,85886.93214624486,45683.06785375517
15123,150819.0000000001,102364.65491031713,48454.34508968296
1513,35000.00000000001,67127.390539246,32127.390539245993
15141,145916.99999999988,112989.73618522349,32927.263814776394
15156,179789.99999999985,149045.11323121956,30744.8867687803
15158,102092.99999999999,108449.89605600404,6356.896056004058
15161,92575.99999999994,92570.36771663929,5.632283360653673
15165,360000.0000000001,159825.29066052017,200174.70933947994
15167,93610.99999999993,126686.64821137674,33075.648211376814
1517,98611.99999999996,99258.18204372498,646.182043725028
15178,98611.99999999996,57178.688738638644,41433.31126136131
15181,107000.00000000003,66127.59438720062,40872.40561279941
15192,102000.00000000001,105082.38473960216,3082.3847396021447
15195,165000.00000000015,211713.30943018073,46713.30943018058
15196,162884.00000000003,91419.07675265806,71464.92324734197
15203,93971.99999999996,101860.31866048097,7888.318660481018
15209,43375.00000000002,24493.441908111094,18881.558091888928
15222,139999.9999999999,187035.07988724342,47035.07988724351
1523,136449.99999999994,92897.92401622131,43552.07598377863
15233,40896.00000000004,65014.67217944771,24118.672179447676
15234,52845.00000000002,105370.7757840441,52525.77578404408
15240,27843.99999999999,30179.884440723003,2335.8844407230135
15245,249999.9999999998,170844.85835684664,79155.14164315315
15250,46405.99999999998,116926.12921557055,70520.12921557057
15256,117174.99999999993,65546.28121725544,51628.71878274449
15263,25522.999999999996,19611.28487473143,5911.715125268565
15267,51734.000000000044,47036.54180260832,4697.458197391723
15268,62015.000000000044,76591.21054064223,14576.21054064219
1527,40605.000000000015,61901.4138932759,21296.413893275887
15273,48000.00000000004,50816.38102655558,2816.381026555544
15276,71928.99999999996,49065.91173206811,22863.088267931846
15279,153999.99999999988,150176.29199919733,3823.7080008025514
1528,100000.00000000004,148225.6620842416,48225.66208424156
15280,11464.0,18407.837736160087,6943.837736160087
15281,70000.00000000001,58013.82720626792,11986.172793732097
15286,164800.00000000006,157816.27591458938,6983.7240854106785
15296,17435.999999999993,41192.61573900181,23756.61573900182
15300,63807.999999999985,58616.43670663563,5191.563293364357
15324,131324.99999999997,138468.13029229606,7143.1302922960895
15330,27897.999999999978,28757.9249231972,859.9249231972208
15331,75409.99999999997,80786.21589801983,5376.215898019858
15341,81209.99999999994,83624.99779691729,2414.9977969173488
15342,210788.00000000012,194007.95973531634,16780.040264683776
15343,81209.99999999994,81468.26522022836,258.26522022842255
15345,36089.0,47148.21317663116,11059.213176631158
15356,100000.00000000004,114938.47989097938,14938.479890979332
15376,150000.00000000006,129890.18675865527,20109.81324134479
15378,140417.00000000006,93938.58608545973,46478.41391454033
15384,120000.00000000004,114591.86125115739,5408.138748842655
1539,104999.99999999997,150546.63237122283,45546.63237122286
15392,124999.9999999999,167265.45453926304,42265.45453926314
15394,92812.00000000007,54209.69427613113,38602.30572386894
15398,124415.99999999993,161019.8555514016,36603.85555140166
154,31324.00000000001,31419.452693292063,95.45269329205257
15405,29060.0,27053.44452913928,2006.5554708607197
15409,63167.00000000005,68195.48630761438,5028.48630761433
15411,145166.00000000006,104508.1142066919,40657.88579330816
15413,34871.99999999999,36473.556413725484,1601.5564137254914
15414,60037.99999999997,36295.92820476348,23742.071795236494
15415,142698.0,135270.47652418708,7427.523475812923
15417,143419.99999999994,135128.09120680334,8291.908793196606
1542,255000.0000000001,166259.7863055931,88740.213694407
15427,235000.0,220613.52609336036,14386.473906639643
15432,199999.99999999997,187178.49201467098,12821.507985328994
15435,75000.00000000004,81930.98967531514,6930.989675315097
15438,46405.99999999998,62310.989001388836,15904.989001388858
15444,157500.00000000006,140455.83046001493,17044.16953998513
15447,52206.99999999997,65434.66262950767,13227.6626295077
15456,191999.99999999997,150209.22844899129,41790.771551008685
15465,299999.99999999977,202342.6676886268,97657.33231137297
15466,123534.00000000004,105696.36671588119,17837.633284118856
15467,17475.999999999993,25449.83720222645,7973.837202226456
1547,71133.99999999996,79044.86869406774,7910.868694067787
15480,153999.99999999988,136568.25575671007,17431.74424328981
15485,116014.99999999991,110467.58085594336,5547.419144056548
15507,72957.99999999994,85657.00353545166,12699.003535451717
15513,180000.00000000003,226387.04355944847,46387.043559448444
15522,81942.00000000007,114738.91313016889,32796.91313016882
15544,205999.99999999988,222349.69074722362,16349.690747223736
15552,139218.0000000001,93532.95310166686,45685.046898333225
15561,54456.99999999997,145367.53690326307,90910.5369032631
15562,120348.99999999994,101110.80915472258,19238.190845277364
15564,114446.99999999991,132829.9151881327,18382.915188132785
15566,100932.99999999999,95427.31269877046,5505.6873012295255
15568,216909.99999999997,59958.82618736805,156951.17381263193
15571,69309.99999999999,45706.34320997947,23603.656790020512
15587,165000.00000000015,139319.1799940334,25680.820005966758
15590,134999.99999999997,144299.65792995528,9299.657929955312
15593,143000.0000000001,207340.2481295492,64340.248129549116
15595,87011.00000000001,92045.08727670232,5034.08727670231
15599,13921.999999999993,112499.48979576609,98577.4897957661
156,75409.99999999997,80496.29703107348,5086.297031073511
15600,116014.99999999991,148265.06999937308,32250.06999937317
15611,139999.9999999999,138258.44787299712,1741.5521270027966
15614,58006.99999999995,36952.15678260385,21054.843217396097
15616,33966.0,22007.6814962977,11958.3185037023
15618,110214.00000000007,92959.81719476846,17254.182805231612
15624,48726.000000000044,73945.03404211935,25219.03404211931
15625,41765.00000000001,47652.42771019045,5887.4277101904445
15627,158999.99999999997,181133.3978216319,22133.397821631923
15628,104413.00000000009,121972.26625719809,17559.266257198004
15630,27843.99999999999,79316.73875803905,51472.738758039064
15633,170500.00000000012,148195.50065817748,22304.499341822637
15642,29999.99999999999,53012.14887069687,23012.148870696878
15644,56167.000000000044,54476.16590474847,1690.8340952515719
15645,76999.99999999997,114876.23851787063,37876.23851787066
1566,74248.99999999999,81042.08965369145,6793.089653691466
15667,109999.99999999991,85249.26132526384,24750.738674736072
15671,75472.00000000006,53964.591511896186,21507.408488103873
15672,204211.99999999997,145705.93148999655,58506.06851000342
15674,104999.99999999997,112260.10030261987,7260.100302619903
15677,189999.9999999999,192586.55167446836,2586.551674468443
15686,120000.00000000004,128739.57052833479,8739.570528334749
15689,75188.99999999994,75687.80947430914,498.8094743091933
15724,117459.00000000001,77048.56014033884,40410.43985966117
15734,130000.00000000009,132779.0002126676,2779.00021266751
1574,165000.00000000015,157982.20959883282,7017.790401167324
15743,25999.999999999985,49946.26578082421,23946.265780824222
15761,81685.0,77602.9508359487,4082.0491640513064
15762,120000.00000000004,103177.71821546993,16822.281784530118
15778,62179.999999999956,81528.77171267582,19348.771712675865
1578,81209.99999999994,103973.6225771792,22763.622577179252
15782,194000.00000000006,179658.36700945703,14341.632990543032
15810,199999.99999999997,142937.5478321321,57062.45216786786
15816,22572.999999999993,25197.44965635015,2624.449656350156
15822,116014.99999999991,68801.21962149376,47213.780378506155
15825,170000.00000000012,144085.92045655218,25914.079543447937
1583,15111.000000000013,77164.46399855903,62053.46399855902
15836,177000.00000000006,191934.21282053617,14934.212820536108
15838,217999.99999999988,181661.14025822183,36338.859741778055
15845,130000.00000000009,141612.43345742294,11612.433457422856
15847,70937.99999999997,77257.82440845399,6319.82440845402
1585,92812.00000000007,109974.5350934172,17162.53509341713
15887,86999.99999999994,131824.47014715825,44824.47014715831
15902,80000.0,225141.05547310322,145141.05547310322
1591,58006.99999999995,76328.84372198435,18321.843721984398
15927,152000.00000000006,181014.22764493883,29014.227644938772
15947,100000.00000000004,75456.2063007325,24543.79369926754
15948,108710.00000000009,115717.81480444828,7007.814804448193
15951,81911.99999999993,102826.9171807169,20914.917180716977
15970,101481.99999999999,61452.78149899251,40029.218501007475
15982,29183.0,29357.503568198725,174.50356819872468
15987,46496.0,28077.390087408065,18418.609912591935
15999,32999.99999999999,30670.710995072386,2329.2890049276066
16017,92812.00000000007,96374.02454547017,3562.0245454700926
16026,110214.00000000007,103342.2405959389,6871.759404061173
16037,40373.000000000015,62912.498972559624,22539.49897255961
1604,120000.00000000004,125382.51113527686,5382.5111352768145
16045,142591.99999999988,72295.91896504237,70296.08103495752
16058,29004.00000000001,23208.128514675653,5795.871485324358
16061,44570.99999999997,39802.89090652921,4768.109093470761
16064,68448.99999999996,67727.5202610846,721.4797389153537
16069,87011.00000000001,49301.83389857465,37709.16610142536
16071,41765.00000000001,61565.93566294839,19800.93566294838
16073,81209.99999999994,71428.0098024759,9781.990197524035
16077,42730.00000000002,37332.90949210888,5397.090507891138
16079,48726.000000000044,38433.29036395081,10292.709636049236
1609,109054.00000000003,94341.42977105633,14712.570228943703
16092,98611.99999999996,87460.76069087116,11151.239309128796
16108,60376.999999999956,47605.05432397254,12771.945676027419
16109,48756.99999999998,70184.90919593863,21427.90919593865
16119,73374.99999999996,68289.7888054123,5085.211194587653
1613,54000.00000000001,82807.52477634863,28807.52477634862
16130,34804.0,57752.45514104433,22948.45514104433
1614,23710.000000000022,43761.169051611345,20051.169051611323
16150,13195.00000000001,29342.866096069007,16147.866096068998
16160,38278.00000000001,79152.15292836627,40874.15292836626
1617,123000.00000000009,160673.80888348847,37673.80888348838
16187,54456.99999999997,123187.14037794356,68730.1403779436
16194,108476.99999999999,62592.86362437162,45884.13637562837
16197,69609.0,69372.02202889096,236.97797110903775
16210,23202.99999999999,26392.994624685936,3189.994624685947
16218,58006.99999999995,46209.00845441081,11797.991545589139
16226,67289.00000000001,84160.93387456014,16871.933874560127
1624,62256.99999999996,40501.58071406845,21755.419285931515
16242,81209.99999999994,80528.12937306215,681.8706269377872
16245,129936.99999999993,76967.10318977227,52969.896810227656
1625,109438.00000000009,86775.07100877103,22662.928991229055
16270,30163.99999999999,58578.96017869437,28414.96017869438
16274,102971.99999999991,113612.78344384168,10640.783443841763
16293,77845.99999999997,74461.12819140685,3384.8718085931177
16295,32748.0,29271.01831782597,3476.9816821740314
16302,210000.0,224295.3343292002,14295.33432920021
16305,163369.99999999988,111680.05534282583,51689.944657174055
1631,145000.00000000012,194629.56936625842,49629.56936625831
16321,95298.99999999993,76237.8510460025,19061.148953997428
16337,80050.00000000006,48600.04800388436,31449.9519961157
1634,98611.99999999996,82960.95326325537,15651.046736744582
16342,64967.999999999956,61433.61778158134,3534.382218418614
16361,179789.99999999985,214967.45426777142,35177.454267771565
16362,109054.00000000003,102114.36419780873,6939.635802191304
16380,40605.000000000015,91155.23610257926,50550.23610257925
16399,40684.00000000001,24638.639395393475,16045.360604606532
16427,68071.00000000004,74567.78790860223,6496.787908602186
16446,44086.0,53440.99622651812,9354.996226518117
16447,69609.0,77252.75401222814,7643.754012228135
16451,14235.999999999989,38194.98297220356,23958.98297220357
16464,34804.0,56010.32796649542,21206.327966495417
16467,39481.00000000003,49888.27006538956,10407.27006538953
16468,63807.999999999985,80136.33984013864,16328.339840138651
16470,77601.0,114646.33107165831,37045.33107165831
16498,74248.99999999999,46026.26534043963,28222.734659560352
1650,109000.0,92319.00999583559,16680.990004164414
16509,56167.000000000044,50527.25981576261,5639.740184237431
16513,54456.99999999997,64850.32486086158,10393.324860861612
16534,159999.99999999997,195690.55172180722,35690.55172180725
16535,90892.00000000007,59881.77839970072,31010.221600299352
16537,51053.0,106752.73006657076,55699.73006657076
16542,75409.99999999997,59523.96589469137,15886.034105308601
1655,150000.00000000006,119994.9602340998,30005.039765900263
16571,52206.99999999997,68064.58414526001,15857.584145260043
16578,60400.00000000001,130618.35159616028,70218.35159616027
16579,22042.99999999998,31028.004516074292,8985.00451607431
1659,80254.00000000001,125648.66838270077,45394.66838270075
16606,41765.00000000001,41772.32242827957,7.32242827956361
16610,23247.999999999993,27511.90966876574,4263.9096687657475
16611,299999.99999999977,184094.46095376933,115905.53904623043
16615,173999.99999999997,157449.15897166423,16550.841028335737
16616,127616.0000000001,82249.65550126082,45366.34449873929
16622,46405.99999999998,65658.51596857658,19252.515968576605
16629,77881.00000000004,73028.50853495016,4852.491465049883
16634,58006.99999999995,69326.02836156156,11319.028361561614
16635,180000.00000000003,125451.97335246415,54548.02664753588
16643,20371.000000000007,19697.17002663479,673.8299733652166
1665,75409.99999999997,49600.95530620476,25809.044693795207
16651,60328.00000000003,73647.76227944098,13319.762279440954
16652,62179.999999999956,68094.94881487107,5914.94881487111
16663,44086.0,47650.66910452772,3564.6691045277184
16673,199999.99999999997,129294.18906960926,70705.81093039071
16677,68071.00000000004,89441.38824471673,21370.388244716683
16680,107894.00000000006,77317.60854029925,30576.39145970081
16681,55686.999999999956,79988.5099041879,24301.509904187944
16683,69609.0,61355.93010457161,8253.069895428387
16689,75319.99999999999,44501.841957181074,30818.15804281891
1669,76800.00000000003,27205.334067708147,49594.665932291886
16701,41929.000000000015,36076.99015795219,5852.009842047824
16703,62220.99999999995,68821.38359276573,6600.383592765786
16706,98000.00000000003,96828.14990910975,1171.8500908902788
16712,58006.99999999995,29078.997752608942,28928.002247391007
16713,80000.0,90940.59375500181,10940.593755001813
1672,46405.99999999998,91116.85342713958,44710.8534271396
16733,90491.00000000006,64334.43864615109,26156.56135384897
16750,27108.99999999999,27167.611556891803,58.61155689181396
1677,62647.99999999997,103696.99996311845,41048.99996311848
16777,121815.0000000001,55794.542560017115,66020.45743998299
16779,171115.0,53897.42827339107,117217.57172660893
16780,11600.999999999993,37434.10742958827,25833.10742958828
16798,81209.99999999994,59308.498413981826,21901.501586018116
16799,80000.0,83881.3179596014,3881.3179596013943
16803,95298.99999999993,109867.4235341635,14568.42353416358
16817,36841.00000000003,41237.364597470165,4396.364597470136
16822,16849.999999999996,23560.757912038294,6710.757912038298
16832,44086.0,57561.865195802246,13475.865195802246
16848,75147.0,76834.5101434287,1687.5101434287062
1685,130999.99999999997,135173.6269120203,4173.6269120203215
16856,139218.0000000001,79316.01923632176,59901.98076367832
16861,41765.00000000001,84988.49041535053,43223.49041535053
16869,120888.99999999991,43372.01929068841,77516.9807093115
16890,44245.99999999997,42785.42679915855,1460.5732008414197
16910,130192.99999999996,83203.07103162196,46989.92896837799
16915,199999.99999999997,153876.60565676363,46123.394343236345
16929,299999.99999999977,33170.83766842507,266829.1623315747
1694,11600.999999999993,42914.712299569364,31313.71229956937
16945,174021.99999999988,106804.24559190834,67217.75440809154
1696,299999.99999999977,210354.59156825856,89645.4084317412
16968,87011.00000000001,68887.32830819677,18123.671691803247
16978,112500.00000000004,133802.70361540306,21302.70361540302
16979,139999.9999999999,149720.30023661695,9720.30023661704
1698,230000.0000000001,153387.84552189714,76612.15447810295
16986,27835.999999999985,20022.403182408205,7813.596817591781
17001,41515.00000000003,59054.37732911903,17539.377329119
1701,83857.0,72039.45553838175,11817.54446161825
17015,81209.99999999994,75762.74166262541,5447.258337374529
17026,37866.99999999998,28482.05078359963,9384.94921640035
17034,126999.99999999991,118171.14285691887,8828.85714308104
17044,61488.00000000001,64595.30480865256,3107.3048086525523
17049,48000.00000000004,82494.3963794457,34494.39637944566
1706,48000.00000000004,105899.84702828461,57899.847028284574
17070,77999.99999999994,84951.4559869044,6951.455986904461
17071,150819.0000000001,109198.22119135647,41620.77880864362
17092,91485.00000000006,110977.1365405457,19492.136540545645
17105,151753.0000000001,108787.18411801758,42965.815881982504
17118,58006.99999999995,78503.94051747142,20496.94051747147
17122,52206.99999999997,54156.08595015932,1949.0859501593513
17126,139488.0000000001,47708.19466194019,91779.8053380599
17128,43505.00000000001,51504.68947324236,7999.689473242353
1713,121815.0000000001,82777.15630130592,39037.84369869418
17133,73374.99999999996,71351.0066655556,2023.9933344443562
17134,75409.99999999997,76415.27616490253,1005.2761649025633
17144,120000.00000000004,159642.00993554262,39642.00993554258
17161,78616.0,90804.95998625888,12188.95998625888
17181,40684.00000000001,32175.833219722103,8508.166780277905
17188,75000.00000000004,79824.31839363248,4824.318393632435
17204,109999.99999999991,93636.41595335465,16363.584046645265
17205,185988.99999999994,193154.53852440458,7165.538524404634
17209,83199.99999999996,66420.12983849621,16779.870161503743
17212,118000.00000000009,126094.61863607155,8094.618636071464
17219,40605.000000000015,56736.0509513313,16131.050951331286
17228,215000.0,202272.3815193156,12727.61848068441
17233,127616.0000000001,65115.9785702558,62500.0214297443
17243,23870.00000000002,40017.34759129605,16147.347591296031
17248,139218.0000000001,91749.3970358382,47468.60296416188
17272,81209.99999999994,83465.9493030825,2255.9493030825543
17274,150000.00000000006,161181.55517817504,11181.555178174982
17279,87327.99999999996,88215.85788235985,887.8578823598946
17288,28274.999999999993,97582.34607995875,69307.34607995875
17295,136141.0000000001,134068.45377276768,2072.5462272324075
173,148498.99999999997,150389.75099141992,1890.7509914199472
17305,63807.999999999985,80470.41888340963,16662.418883409642
1733,146329.00000000003,108669.33865415663,37659.6613458434
17338,180000.00000000003,200318.19219079768,20318.19219079765
17341,64327.00000000006,72655.10641372051,8328.106413720452
17351,48726.000000000044,47427.72624920037,1298.2737507996717
1736,104413.00000000009,164913.71631870553,60500.71631870544
17368,53094.99999999998,118394.58904887253,65299.58904887255
17373,145000.00000000012,99466.88025203966,45533.11974796046
17378,100000.00000000004,169950.1327993177,69950.13279931767
17390,81209.99999999994,89344.5472846638,8134.547284663859
17396,199999.99999999997,141161.24376179196,58838.75623820801
17404,199999.99999999997,140220.6604060692,59779.33959393078
17406,149755.99999999997,161061.77222568725,11305.77222568728
17416,112999.99999999993,158352.14260406423,45352.1426040643
17421,31113.99999999998,31889.35451646785,775.354516467869
17431,175000.00000000012,186422.2216423652,11422.221642365097
1744,58006.99999999995,109457.86046748847,51450.86046748852
17469,399999.9999999999,225004.9891944606,174995.0108055393
17477,119124.00000000001,85856.4705111307,33267.52948886932
17479,92812.00000000007,121020.38144607276,28208.381446072686
1748,71928.99999999996,84603.877477047,12674.877477047048
17487,349999.9999999997,158595.6575541145,191404.3424458852
17490,87011.00000000001,110429.83342518768,23418.833425187666
1750,16382.99999999999,35266.151633495945,18883.151633495952
17504,142949.00000000006,114429.28640315098,28519.713596849077
17506,21999.999999999993,60611.09159680509,38611.0915968051
17521,120000.00000000004,188463.59039036193,68463.59039036189
17522,100000.00000000004,169858.8148411132,69858.81484111316
17523,48281.0,61037.459809022155,12756.459809022155
17535,34804.0,59430.5991308299,24626.599130829898
17539,84000.00000000003,64073.56069526892,19926.43930473111
17542,92812.00000000007,67557.71177928122,25254.288220718852
17544,122526.99999999996,146552.79104254107,24025.79104254111
17548,64999.999999999956,74447.31675805848,9447.316758058529
17574,75409.99999999997,83588.93920599442,8178.939205994451
17596,186625.0000000001,142785.40541418284,43839.59458581725
17599,47049.999999999985,20545.018139461234,26504.98186053875
17605,80000.0,107525.80543600729,27525.805436007286
17609,18598.000000000007,27579.62220899349,8981.622208993482
17619,44933.0,50732.047367055755,5799.047367055755
17625,39006.0,93176.53235164334,54170.53235164334
17626,73516.00000000003,55095.42621088457,18420.573789115457
1763,399999.9999999999,191664.3983818568,208335.6016181431
17640,175000.00000000012,132383.39340833796,42616.60659166216
17646,116014.99999999991,110840.79289209048,5174.207107909431
17648,86314.99999999997,85370.43959079884,944.5604092011345
17652,18673.99999999999,69587.42370171731,50913.42370171733
17664,104413.00000000009,128686.53839824932,24273.538398249235
17686,93000.00000000007,102433.60398292066,9433.603982920584
1770,43375.00000000002,48315.563119686376,4940.563119686354
17700,20024.000000000015,19546.676702048906,477.32329795110854
17701,134577.00000000003,113561.40680728793,21015.5931927121
17721,76340.0,63944.72801617265,12395.271983827348
17729,13099.0,104217.18552055617,91118.18552055617
17739,109438.00000000009,108242.43475545342,1195.5652445466694
17763,122526.99999999996,107646.38661570552,14880.61338429444
17767,75409.99999999997,55535.22132409977,19874.778675900197
17772,150819.0000000001,114376.1342538992,36442.865746100884
17789,189999.9999999999,162219.04119573702,27780.95880426289
17791,38284.99999999997,34320.132438269975,3964.867561729996
17794,29999.99999999999,164138.31309976018,134138.31309976018
17805,61482.99999999997,89092.40240801961,27609.40240801964
17807,199999.99999999997,126996.11412348581,73003.88587651416
17814,69609.0,83701.57766651912,14092.577666519122
17816,130000.00000000009,151314.6403931468,21314.64039314672
1782,87550.00000000007,82630.33157919993,4919.668420800139
17821,51734.000000000044,63036.51432906102,11302.514329060978
17830,89867.00000000001,71762.73585910905,18104.26414089097
17837,51045.99999999999,45303.89430043768,5742.105699562315
1785,130000.00000000009,122135.26666665309,7864.7333333470015
1786,52206.99999999997,50126.24496079322,2080.7550392067496
17874,96291.99999999991,72295.47780914503,23996.522190854885
17882,199999.99999999997,87733.18462649609,112266.81537350388
17887,176484.99999999988,167981.9874360765,8503.012563923374
17890,170000.00000000012,219711.33111282781,49711.3311128277
17898,170000.00000000012,127881.1557128968,42118.84428710332
179,72957.99999999994,57443.497063976974,15514.502936022967
17900,32766.999999999985,60337.029039200366,27570.02903920038
1791,59916.000000000015,36766.65510549806,23149.344894501955
17911,120000.00000000004,185796.56095561406,65796.56095561401
17926,38359.00000000003,32231.258632930083,6127.741367069946
17971,70999.99999999994,130710.98611591897,59710.98611591903
17985,60000.000000000015,98906.47428454232,38906.4742845423
180,11529.999999999993,58945.21831936134,47415.218319361345
18007,76570.00000000006,82780.73383354979,6210.733833549733
18009,171999.99999999988,123454.99090352813,48545.00909647175
18012,109160.00000000003,79971.50489199346,29188.495108006566
18015,40047.99999999996,53515.34636504977,13467.346365049809
18027,39444.99999999998,42624.33986397202,3179.33986397204
18034,130000.00000000009,136453.253754345,6453.253754344914
18049,145670.99999999994,123719.03432766517,21951.965672334773
1805,77999.99999999994,126804.95147147766,48804.95147147772
18073,70332.0,57996.09649124442,12335.903508755582
18077,126999.99999999991,95882.97347291645,31117.026527083464
18086,81685.0,94822.9062364302,13137.906236430194
18094,77730.00000000006,79647.54299066051,1917.542990660455
1810,130000.00000000009,140494.32796373634,10494.327963736258
18121,13949.000000000002,27184.522774932942,13235.52277493294
18123,14927.000000000007,23107.157760356768,8180.15776035676
18136,299999.99999999977,199491.94395416006,100508.05604583971
18139,131432.0000000001,91955.99450136622,39476.005498633865
18143,100000.00000000004,90221.78599146317,9778.214008536874
18145,106733.00000000003,70200.2818887749,36532.71811122513
1815,26322.00000000002,28573.726731837265,2251.726731837247
18153,58006.99999999995,50317.45319822482,7689.546801775126
18160,147071.0000000001,114582.65259469626,32488.347405303823
18173,40743.000000000015,41779.79646085086,1036.7964608508482
1819,91652.00000000006,65214.73068892231,26437.269311077747
18190,58699.99999999998,39642.99448776641,19057.00551223357
18200,232028.99999999985,81730.91455415814,150298.08544584172
18214,69764.00000000004,66136.89620135291,3627.1037986471347
18225,27857.000000000007,38109.31063094667,10252.31063094666
18238,120000.00000000004,98777.26534552484,21222.734654475207
1824,122975.99999999994,129689.69403949322,6713.694039493275
18242,104099.99999999999,89426.92799137006,14673.072008629926
18246,151053.0000000001,123277.68844196892,27775.31155803117
18264,165000.00000000015,178687.1572133121,13687.157213311963
18268,112000.00000000004,99113.1115508733,12886.888449126738
18271,169000.00000000012,204995.06064297954,35995.06064297943
18292,100464.00000000003,102230.21929936351,1766.2192993634817
18293,11600.999999999993,54671.1323203181,43070.13232031811
18294,174021.99999999988,83729.1968449777,90292.80315502218
18298,161191.00000000006,140432.3066211093,20758.693378890748
18301,71928.99999999996,75868.26403804054,3939.264038040579
18309,330000.0000000001,230599.7797660854,99400.2202339147
18338,124415.99999999993,115048.99949898796,9367.000501011964
18363,150000.00000000006,200353.05579814353,50353.05579814347
18365,27507.999999999985,16762.7101321963,10745.289867803687
1837,99193.00000000001,70282.27477857276,28910.72522142726
18374,199999.99999999997,171599.29702663157,28400.702973368403
18377,159999.99999999997,168254.569451732,8254.569451732037
18382,74899.99999999999,110916.304199435,36016.30419943502
18397,83531.00000000003,75320.31731965799,8210.68268034204
18409,75409.99999999997,87620.93005803514,12210.93005803517
18432,138000.00000000006,104069.11664946192,33930.88335053813
18442,43774.99999999997,71555.968136753,27780.96813675303
18452,69431.99999999997,79992.96401269021,10560.964012690238
18460,80824.0,33265.277366439805,47558.722633560195
18463,58989.99999999996,92920.09157695175,33930.09157695178
18467,97451.99999999997,85641.0816902839,11810.918309716071
1847,94846.00000000006,80774.76859037073,14071.231409629327
18484,37125.000000000015,30042.031639437686,7082.968360562329
18485,48146.0,73664.11996456722,25518.119964567217
18489,91898.99999999994,107719.725044707,15820.725044707055
18497,35397.00000000002,32644.135612748454,2752.8643872515677
18507,196000.0000000001,133721.4326071329,62278.567392867175
18514,112997.00000000006,111351.61593740636,1645.384062593701
18515,67204.00000000001,35843.47835804711,31360.521641952902
18531,240000.00000000003,170107.1935616108,69892.80643838923
18537,76570.00000000006,74829.42347913976,1740.576520860297
18596,87550.00000000007,92214.43684588208,4664.43684588201
186,58006.99999999995,69986.05789125027,11979.057891250319
18604,324841.0000000001,115862.20197992126,208978.79802007886
18606,53692.00000000001,63949.49680640143,10257.496806401425
18612,150094.99999999997,75283.1828792532,74811.81712074677
18631,46000.000000000044,69615.25894976789,23615.258949767842
18634,46405.99999999998,61539.39944211526,15133.399442115282
18654,100000.00000000004,77557.57922152225,22442.420778477797
18655,37682.000000000015,42034.39959893035,4352.399598930337
18674,34804.0,107220.16328954093,72416.16328954093
18683,72500.0,116692.6482044091,44192.648204409095
18709,190598.00000000012,160993.96642341992,29604.0335765802
18719,75409.99999999997,94246.21856579362,18836.21856579365
18722,46405.99999999998,65947.46364666957,19541.46364666959
18737,69609.0,76496.27373310081,6887.27373310081
18741,70112.99999999999,46311.412014070636,23801.58798592935
18758,197224.99999999994,70940.02205714546,126284.97794285449
18770,118754.00000000001,34496.21432290833,84257.78567709168
1878,33219.000000000015,20512.156323258598,12706.843676741417
18781,150000.00000000006,174640.1272787676,24640.127278767555
18784,162999.99999999988,106874.68302515506,56125.31697484483
18787,80050.00000000006,74034.93810822604,6015.061891774021
1879,102105.99999999996,118503.10518504093,16397.10518504097
18794,69609.0,64861.07671842158,4747.92328157842
18798,96553.99999999994,122425.22201135386,25871.222011353922
18799,27305.999999999985,21476.595601083976,5829.404398916009
188,102141.99999999993,84698.55504759664,17443.444952403283
18805,94932.99999999999,59145.86970790369,35787.1302920963
18813,249999.9999999998,146320.5160363283,103679.48396367149
18819,233999.9999999999,236445.81121561633,2445.8112156164134
18826,32748.0,29058.064811733515,3689.935188266485
1884,83199.99999999996,109897.37157267999,26697.37157268003
18850,87011.00000000001,81937.03114199605,5073.968858003966
18857,147033.00000000006,137846.49739904463,9186.502600955428
18862,150000.00000000006,203354.30988386646,53354.3098838664
18882,349999.9999999997,272974.17994296347,77025.82005703624
18883,162522.99999999994,80348.0819652426,82174.91803475734
18895,91013.00000000006,122890.66342981838,31877.66342981832
18897,13949.000000000002,30244.851306973207,16295.851306973205
18902,116014.99999999991,127521.51551331945,11506.515513319537
18907,95000.00000000001,117293.87370165224,22293.87370165222
18908,50000.000000000015,98418.74221627448,48418.74221627446
18910,87011.00000000001,67630.70165422137,19380.298345778647
18916,180000.00000000003,117871.19037736661,62128.80962263342
18927,129000.0000000001,132265.5767436549,3265.576743654805
1893,61999.99999999997,181444.76309588342,119444.76309588345
18935,162999.99999999988,206604.9032511579,43604.903251158015
18937,142698.0,84688.5791972303,58009.4208027697
1895,88492.00000000003,85240.04343966114,3251.956560338891
18953,21843.999999999993,32959.93844066539,11115.938440665399
18955,71510.00000000004,76554.62925564224,5044.629255642198
18993,249999.9999999998,199770.65761468862,50229.342385311174
19010,63059.0,76197.85628319586,13138.856283195855
1902,150818.0000000001,145783.52830168227,5034.471698317822
19030,210000.0,168034.6847470328,41965.31525296721
19034,235000.0,109284.19513057597,125715.80486942403
19036,80000.0,57951.117119288116,22048.882880711884
1905,89183.00000000004,113812.07609902248,24629.076099022437
19050,81000.00000000007,68189.70562179365,12810.294378206425
19057,10901.000000000004,15286.016283316723,4385.01628331672
19073,81209.99999999994,87172.35623731393,5962.356237313987
19078,147071.0000000001,147294.6155485915,223.61554859142052
19087,162522.99999999994,102877.12566831168,59645.87433168826
19095,232028.99999999985,68019.53046962204,164009.46953037783
19096,72815.00000000001,34057.05311249018,38757.94688750983
19100,187500.0,161894.4063633359,25605.593636664096
19106,50828.99999999999,40398.53289385581,10430.467106144184
19132,96376.99999999994,157658.05617711562,61281.05617711568
19137,249999.9999999998,87897.65098106583,162102.34901893395
19140,14322.000000000011,19113.479173650696,4791.479173650685
19142,116014.99999999991,83415.28870216155,32599.711297838367
19148,199999.99999999997,185853.29073952493,14146.709260475036
1915,161191.00000000006,188059.34453153587,26868.34453153581
19151,173999.99999999997,197558.56220931807,23558.5622093181
19152,104330.00000000003,72314.36558016257,32015.634419837457
19154,145143.99999999994,210480.80366557735,65336.803665577405
19161,159999.99999999997,167855.4070499014,7855.407049901434
19162,225000.00000000015,166792.04026680253,58207.95973319761
19163,131324.99999999997,97861.50455098071,33463.49544901926
19172,66258.99999999997,91480.93253522017,25221.9325352202
19174,139999.9999999999,141343.91373159253,1343.91373159262
19190,284999.99999999994,201815.65847742488,83184.34152257507
19204,58507.999999999956,112101.73757807865,53593.7375780787
19207,74760.99999999996,89027.56223020142,14266.562230201467
19214,80000.0,73253.31516878457,6746.6848312154325
19224,75877.00000000004,94871.7940940751,18994.794094075056
19244,156999.99999999994,165496.70035667153,8496.700356671587
19265,108000.00000000001,108576.10033223263,576.1003322326142
19266,185000.00000000006,161240.5780473494,23759.42195265065
1927,84567.99999999996,90349.85269888751,5781.852698887553
19272,199999.99999999997,160014.73929899852,39985.26070100145
19274,91013.00000000006,129691.43683542176,38678.4368354217
19283,92000.00000000007,146214.38182803788,54214.381828037804
19304,185988.99999999994,168702.9468598944,17286.053140105534
19316,27108.99999999999,37685.02290686951,10576.022906869523
19320,70440.0,65058.67451309787,5381.325486902133
19338,101000.00000000003,134828.22203534134,33828.222035341314
19355,156999.99999999994,90041.80095369738,66958.19904630256
19361,104015.00000000009,141653.40527503483,37638.40527503475
19362,259999.9999999998,251199.17950783335,8800.820492166444
1941,80000.0,156713.43064786555,76713.43064786555
19410,35103.99999999999,42916.034374279254,7812.034374279261
19412,176984.00000000006,104449.75009637269,72534.24990362737
19417,259999.9999999998,255423.656150253,4576.343849746801
19427,197224.99999999994,87480.30384548006,109744.69615451989
19445,52903.0,89408.72590331339,36505.72590331339
19453,37866.99999999998,37772.37447622073,94.62552377925022
19454,136148.99999999988,63626.18164676849,72522.81835323139
19456,299999.99999999977,341777.38218961976,41777.382189619995
19463,399999.9999999999,239732.23921361088,160267.760786389
19483,120000.00000000004,125828.64930549,5828.649305489962
19487,63807.999999999985,81539.62611665105,17731.626116651067
195,129333.99999999996,140260.24902235976,10926.2490223598
19502,200355.99999999994,36678.23719777914,163677.7628022208
19507,86162.99999999994,83257.25122576361,2905.74877423633
19514,72155.00000000001,108644.39195679135,36489.39195679134
19517,225000.00000000015,204056.16023821835,20943.839761781797
19538,45176.99999999998,35058.56080329251,10118.43919670747
19545,49014.00000000004,61326.72462131432,12312.724621314286
19556,75409.99999999997,59063.20571081457,16346.794289185404
19562,159999.99999999997,101332.37481928812,58667.62518071185
1957,183000.00000000012,193061.05924503514,10061.059245035023
19588,81209.99999999994,76638.90722434316,4571.0927756567835
19589,43375.00000000002,64092.54425520747,20717.544255207446
19598,100000.00000000004,109909.83246286296,9909.83246286292
19606,132264.00000000012,100022.75637710976,32241.243622890353
19607,52658.00000000002,64815.22197544454,12157.221975444518
19610,37209.99999999998,59553.8716164783,22343.871616478325
19626,161191.00000000006,137544.7062409058,23646.29375909426
19647,96816.00000000001,51892.792221278316,44923.2077787217
19666,167389.99999999988,102801.0137123982,64588.986287601685
19671,34804.0,50603.10843688129,15799.108436881288
19682,35964.99999999999,35931.44279606913,33.55720393086085
19686,138357.99999999994,107525.47889112121,30832.521108878733
19694,58006.99999999995,93039.6941968593,35032.69419685935
19699,95515.00000000003,71817.78194579901,23697.218054201017
19735,89750.99999999997,87066.10298118569,2684.897018814285
19741,31634.99999999999,24975.134315706055,6659.8656842939345
19742,271474.0,104343.0167294394,167130.9832705606
19748,116014.99999999991,80821.6499864978,35193.35001350212
19752,185000.00000000006,101762.52159649975,83237.47840350031
19758,14999.99999999999,31579.256724420025,16579.256724420033
19763,182026.00000000015,187249.13115512146,5223.131155121315
1977,139218.0000000001,83315.23910635448,55902.76089364561
19772,84691.00000000001,112957.34244598814,28266.34244598812
19787,45933.99999999999,67424.24571495781,21490.24571495782
1979,98611.99999999996,41238.65257584392,57373.34742415604
19791,109999.99999999991,136486.35576229793,26486.355762298015
19828,60328.00000000003,72829.18860857435,12501.188608574317
19847,75409.99999999997,79805.85877912861,4395.858779128641
19865,55122.000000000044,59480.19087196394,4358.190871963896
1987,93886.00000000003,117614.524363172,23728.524363171964
19894,136391.99999999994,180432.24522270748,44040.24522270754
19914,74248.99999999999,69828.76107957374,4420.238920426244
19929,127616.0000000001,86422.78747387356,41193.21252612655
19954,29478.00000000001,29911.087135110043,433.08713511003225
19961,41765.00000000001,39329.43036489284,2435.5696351071674
19987,108913.0,99641.73415814723,9271.265841852772
200,34804.0,37399.01197166291,2595.0119716629124
20001,47566.000000000015,70443.30776327019,22877.307763270175
20005,104413.00000000009,101894.31307737465,2518.686922625435
20008,75409.99999999997,91507.74240566477,16097.742405664801
2001,46392.99999999998,76399.98969811792,30006.98969811794
20014,60328.00000000003,87250.77323979569,26922.773239795657
20018,63807.999999999985,54382.067421214866,9425.93257878512
20029,136449.99999999994,116138.11327310711,20311.88672689283
2003,174021.99999999988,70913.0822222589,103108.91777774098
20032,46405.99999999998,38880.2843851369,7525.715614863075
20069,81761.00000000004,57839.94124065195,23921.058759348096
2007,75409.99999999997,60959.879971243994,14450.120028755977
20079,98611.99999999996,95977.06821287476,2634.9317871251988
2008,56846.99999999997,72376.81323283241,15529.813232832443
20121,59186.00000000002,74013.27064215408,14827.270642154057
20124,68071.00000000004,71989.32695392864,3918.3269539285975
20125,95298.99999999993,91095.80047989797,4203.19952010196
20131,48000.00000000004,45994.63771117846,2005.362288821576
20136,41765.00000000001,54962.23812853993,13197.238128539924
20138,72957.99999999994,27914.979141466123,45043.02085853382
2014,200999.99999999997,239381.69008222135,38381.69008222138
20155,10461.99999999999,18412.42139333552,7950.4213933355295
20165,48726.000000000044,65842.03375066939,17116.033750669347
2018,34804.0,70621.43415237791,35817.434152377915
20185,81870.00000000004,47020.60860660693,34849.39139339311
20189,98494.00000000003,80497.83704032103,17996.162959679
20191,76239.00000000001,95336.71417279665,19097.714172796637
20194,130000.00000000009,153463.59986925303,23463.59986925294
20198,75409.99999999997,77755.88157204035,2345.88157204038
202,38980.99999999996,39720.322980994606,739.3229809946424
20207,98022.00000000003,67340.85155675455,30681.148443245474
20217,77730.00000000006,82426.98042662823,4696.980426628172
20219,103021.00000000006,98328.20770497102,4692.792295029038
20223,23202.99999999999,18870.942978469706,4332.057021530283
20226,84999.99999999996,97579.82664454897,12579.826644549015
20233,116014.99999999991,53965.2070580501,62049.79294194981
20246,15111.000000000013,28285.648013222464,13174.648013222451
20249,59166.99999999997,106851.08688295122,47684.08688295125
20255,88153.99999999994,110439.16919490603,22285.16919490609
20265,63807.999999999985,95753.92993354173,31945.929933541745
20272,153550.0,66453.33190814647,87096.66809185353
2028,44927.00000000001,49815.427018905655,4888.427018905648
20290,37125.000000000015,53125.91134482747,16000.911344827458
20314,91198.00000000007,97357.77377038862,6159.7737703885505
20324,78633.00000000003,67079.21073477014,11553.78926522989
20336,48726.000000000044,82557.21099994189,33831.210999941846
20347,19636.000000000015,48464.01228946301,28828.012289462997
20357,71999.99999999996,57326.34011350596,14673.659886493995
20360,81685.0,108745.43701603722,27060.43701603722
20365,99844.00000000003,122604.48761625435,22760.487616254322
20367,129417.99999999994,55840.98429525116,73577.01570474877
20389,44665.99999999999,51344.90463717009,6678.904637170097
20394,139967.99999999988,114850.68816223434,25117.31183776555
2040,284999.99999999994,261688.00568947743,23311.99431052251
20402,124999.9999999999,133247.62253286495,8247.622532865047
20412,70954.00000000003,91738.63681489041,20784.636814890386
20430,33848.99999999998,38630.1827988614,4781.182798861424
20431,272283.0000000002,156952.40261321006,115330.59738679012
20448,58006.99999999995,58558.768625684876,551.7686256849265
20449,101088.00000000007,125229.88479749895,24141.884797498875
2045,29951.000000000025,64371.29146938326,34420.29146938323
2046,159999.99999999997,149845.15709848676,10154.842901513213
2049,125295.99999999993,90819.91197082108,34476.08802917885
20491,63807.999999999985,60789.03573610409,3018.9642638958976
20500,69609.0,70424.59979013349,815.5997901334922
20537,79108.00000000003,70649.08367174218,8458.916328257852
20542,81685.0,86941.65551001017,5256.655510010169
2056,57436.99999999996,40553.837487414836,16883.162512585128
20563,95298.99999999993,124027.32819247205,28728.328192472123
20565,131097.0000000001,106451.26809998343,24645.73190001666
20594,17975.000000000007,22179.09074817012,4204.090748170114
20603,58367.00000000001,61827.39716516222,3460.3971651622123
20605,86720.99999999997,111811.29040032001,25090.29040032004
20613,81209.99999999994,29570.000612283584,51639.99938771636
20614,75409.99999999997,106301.57832763181,30891.57832763184
20618,46999.99999999999,75939.66700352616,28939.66700352617
2062,57178.99999999996,93010.77030430477,35831.7703043048
20624,385000.00000000023,203067.05872689027,181932.94127310996
20626,159999.99999999997,250643.14771392517,90643.1477139252
20627,11471.999999999993,126387.07672789569,114915.0767278957
20641,139218.0000000001,94494.2838067835,44723.71619321659
20654,149000.0,176219.85220327883,27219.85220327883
20658,69609.0,73372.79040554626,3763.790405546257
20662,27843.99999999999,40679.21873969822,12835.21873969823
20668,165000.00000000015,144899.43871699943,20100.561283000716
2067,81835.00000000003,94176.66705893139,12341.667058931358
20673,37125.000000000015,44761.38166273839,7636.3816627383785
20687,100000.00000000004,41020.00385636816,58979.996143631884
207,22456.0,29398.294507474544,6942.294507474544
2070,130000.00000000009,103762.52287989252,26237.477120107564
2072,123993.0000000001,147604.8354090497,23611.8354090496
20726,109222.00000000009,55586.08178003466,53635.918219965424
20729,67203.00000000003,55999.87717243822,11203.122827561812
20734,46000.000000000044,49947.4613500829,3947.4613500828564
20749,114999.99999999991,108915.41795134764,6084.582048652272
20772,15473.000000000002,31969.94608759963,16496.94608759963
20783,109054.00000000003,58249.677256479765,50804.322743520264
2079,71928.99999999996,65054.14727129239,6874.852728707563
20796,63807.999999999985,77504.71861485868,13696.718614858692
208,70000.00000000001,75500.98292254908,5500.9829225490685
20800,29004.00000000001,59057.59271208458,30053.59271208457
20803,75472.00000000006,57399.89562677349,18072.104373226568
20816,64040.000000000015,55291.14300455416,8748.856995445858
20819,150000.00000000006,84025.7413036118,65974.25869638826
20831,63807.999999999985,53733.203523660275,10074.79647633971
20834,155000.00000000012,150497.53386178348,4502.466138216638
20837,20499.999999999993,25324.2221217878,4824.222121787807
20850,81685.0,102416.73983947499,20731.73983947499
20860,78930.0,76888.28843462482,2041.7115653751825
20874,131324.99999999997,83232.33322040187,48092.666779598105
20876,87011.00000000001,90063.68311495973,3052.683114959713
20878,92812.00000000007,80226.15379951979,12585.846200480286
2089,46405.99999999998,38589.35261115989,7816.647388840087
20893,150000.00000000006,149130.98556451482,869.0144354852382
20895,124000.00000000007,202062.41479174673,78062.41479174666
20907,28397.99999999998,31379.168614160084,2981.168614160102
20909,41765.00000000001,37030.07550147393,4734.924498526074
2095,166200.0000000001,144738.812953638,21461.187046362087
20952,39345.00000000001,47529.77562886495,8184.77562886494
2096,200634.99999999988,109715.64548528893,90919.35451471095
20962,87011.00000000001,110546.60507392991,23535.605073929895
20965,80000.0,85588.89290076653,5588.892900766528
20971,71999.99999999996,77345.17847496484,5345.17847496488
2098,23758.999999999993,29330.98662734016,5571.986627340168
210,77999.99999999994,57682.15140226336,20317.848597736585
21002,10000.00000000001,16235.61243166725,6235.612431667241
21010,69609.0,73731.00572720266,4122.005727202661
2102,249999.9999999998,139639.59001197654,110360.40998802325
21021,10528.000000000005,24968.452059927873,14440.452059927868
21028,219999.99999999983,196913.92910082446,23086.070899175364
21042,199999.99999999997,112787.60305780434,87212.39694219563
21054,177999.99999999994,145402.40230416378,32597.597695836157
21055,27315.99999999998,30942.783692501318,3626.783692501336
21060,87011.00000000001,108750.5552719889,21739.55527198888
21061,46405.99999999998,61555.824268984754,15149.824268984776
21065,144000.0,232068.95491402535,88068.95491402535
21066,95000.00000000001,118322.48758979514,23322.487589795128
2107,81209.99999999994,84237.29575682277,3027.2957568228303
21096,210000.0,202201.17364041245,7798.826359587547
21107,148000.00000000015,85234.38866836783,62765.61133163232
21120,183000.00000000012,152158.02083896552,30841.9791610346
21124,16822.000000000007,44315.380799737686,27493.38079973768
21125,183791.00000000015,112132.1414546762,71658.85854532395
21131,10375.999999999996,18813.078795420355,8437.078795420359
21135,150000.00000000006,165715.2547431852,15715.254743185156
21138,219999.99999999983,141402.36373231243,78597.6362676874
2114,71278.99999999994,80746.56400316147,9467.564003161533
2115,165000.00000000015,183623.79735938506,18623.797359384916
21154,103000.00000000001,105288.2154880828,2288.2154880827875
21165,299999.99999999977,209771.26549368727,90228.7345063125
21172,84999.99999999996,117824.00414450056,32824.004144500606
21176,25000.000000000004,193880.65774765742,168880.65774765742
21188,64967.999999999956,87365.9578866858,22397.95788668585
212,63807.999999999985,72863.24434983835,9055.244349838365
21206,289999.9999999999,213082.15709544413,76917.84290455576
2121,16274.000000000013,21923.743401055723,5649.74340105571
21220,72957.99999999994,94453.8441413707,21495.844141370762
21232,90000.00000000001,208355.95764590753,118355.95764590752
21238,10107.0,32633.964168057868,22526.964168057868
21241,225000.00000000015,200323.78603226304,24676.2139677371
21244,64708.999999999956,69108.18631346089,4399.18631346093
21251,151000.00000000006,165474.11778019826,14474.117780198198
21259,121815.0000000001,81552.04179964589,40262.95820035422
21261,180000.00000000003,135238.5681278654,44761.43187213462
21263,60000.000000000015,163632.94602948186,103632.94602948184
21275,69609.0,67868.60324952395,1740.3967504760512
21276,39444.99999999998,58681.380544247746,19236.380544247768
21284,47500.000000000015,69121.40118690753,21621.40118690752
21295,55000.00000000004,128464.76489859707,73464.76489859703
2131,120000.00000000004,167899.2079406705,47899.20794067044
21320,315000.0000000002,184329.30685648829,130670.69314351189
21333,104999.99999999997,113462.25508579028,8462.255085790312
21334,81209.99999999994,57509.933941815696,23700.066058184246
21340,83902.00000000004,102964.63703102754,19062.637031027494
2135,36758.000000000015,55478.725942359684,18720.72594235967
2141,30163.99999999999,25511.02844685365,4652.971553146341
21411,72957.99999999994,69562.74147238159,3395.2585276183527
21416,156000.0,202041.43821183295,46041.43821183295
21419,259999.9999999998,230583.11214500846,29416.887854991335
21425,180000.00000000003,190630.46522910034,10630.465229100315
21428,176984.00000000006,66649.26966702068,110334.73033297938
21448,81713.00000000006,82426.57533294227,713.575332942215
21451,100000.00000000004,142800.804526077,42800.80452607696
21458,255000.0000000001,251270.75584618302,3729.244153817068
21466,125999.99999999993,160739.9591910269,34739.95919102697
21471,259732.0000000002,141275.6913303975,118456.3086696027
21480,190598.00000000012,100965.97095069493,89632.02904930519
21483,180000.00000000003,119950.18891230438,60049.81108769565
21507,162999.99999999988,142549.71874141792,20450.281258581963
21525,34124.99999999998,34781.88461991091,656.8846199109321
21531,114544.99999999993,77225.79645757425,37319.203542425676
2155,88960.00000000006,58874.86658822205,30085.133411778006
2158,69609.0,78114.00485572602,8505.004855726016
21591,111374.0000000001,140056.74431090755,28682.744310907452
21595,210000.0,145873.17006022294,64126.82993977706
21613,75357.0,82600.9362016776,7243.9362016775995
21619,195028.00000000003,71632.88215227921,123395.11784772082
21624,110214.00000000007,85616.17145189352,24597.828548106554
21629,104413.00000000009,87394.78180559288,17018.218194407207
21637,126239.00000000001,54638.34287837097,71600.65712162905
21651,110275.0000000001,79495.79738003798,30779.202619962118
21657,81209.99999999994,81320.22201395108,110.2220139511337
21680,95000.00000000001,109070.41154696264,14070.411546962627
21713,52206.99999999997,63137.39022965148,10930.390229651508
21718,88368.0,49720.890971315595,38647.109028684405
21742,46405.99999999998,70927.58581454285,24521.585814542872
21750,46405.99999999998,75813.78695984697,29407.78695984699
2176,130999.99999999997,161917.34071477913,30917.34071477916
21776,299511.0,88353.38484086387,211157.61515913613
21792,29060.0,33475.96465660588,4415.96465660588
21816,11999.999999999998,65486.20450765704,53486.20450765704
21836,18267.000000000015,33929.99176307234,15662.991763072328
21859,54526.99999999996,68880.015765454,14353.01576545403
21875,29825.00000000001,23480.233565787592,6344.766434212419
21894,67289.00000000001,58444.15038352588,8844.849616474137
2192,115085.0,120482.09814120347,5397.098141203474
21947,70769.00000000004,83663.49964851115,12894.499648511104
2195,80000.0,79373.38769888229,626.6123011177115
2196,144400.0000000001,124437.3715205921,19962.628479407984
2197,58006.99999999995,28919.716450782733,29087.283549217216
21998,149755.99999999997,153075.74431874976,3319.7443187497847
22005,37938.00000000002,32831.79502878738,5106.204971212639
22026,116014.99999999991,79855.72314577251,36159.2768542274
2204,116014.99999999991,132721.2245661383,16706.22456613838
22041,11492.999999999998,38067.60431974736,26574.604319747363
22059,81209.99999999994,66564.49356065664,14645.506439343299
22081,181000.00000000006,142326.30258569765,38673.69741430241
22093,60000.000000000015,104217.8231105607,44217.82311056068
22113,60000.000000000015,66368.90603871965,6368.906038719637
22143,67105.0,38975.310566866705,28129.689433133295
2216,111374.0000000001,122657.33947930184,11283.339479301736
22160,41765.00000000001,56105.505996021835,14340.505996021828
22161,94263.99999999997,91627.75218852884,2636.2478114711266
22164,52206.99999999997,39914.62823930657,12292.3717606934
2218,31809.000000000015,35153.93863733806,3344.9386373380476
222,202415.9999999999,70784.96163957579,131631.0383604241
22206,100932.99999999999,84394.6759710388,16538.324028961186
22246,127616.0000000001,69658.74004559693,57957.25995440317
22251,131850.00000000006,138738.80066931932,6888.800669319258
22255,60328.00000000003,59261.37906158241,1066.6209384176182
2228,135999.99999999997,150419.95876428715,14419.958764287177
22310,180000.00000000003,154911.56459128216,25088.435408717865
22312,162420.99999999988,202049.79246119538,39628.792461195495
22314,14999.99999999999,66236.80733156046,51236.80733156046
22337,53072.000000000015,20605.524534626136,32466.47546537388
22355,199999.99999999997,203223.37536806054,3223.3753680605732
22377,174021.99999999988,93809.95346895317,80212.04653104671
22403,146999.99999999988,223881.9656116631,76881.96561166321
22414,16241.999999999995,75188.42453565537,58946.42453565538
22447,139218.0000000001,84737.61781583185,54480.38218416824
2245,170000.00000000012,144068.47619758773,25931.523802412383
22463,74248.99999999999,63442.286497861205,10806.71350213878
22470,116014.99999999991,127659.19243929663,11644.19243929672
22474,102000.00000000001,103606.10715446663,1606.1071544666192
2248,91215.0,77196.39360026627,14018.606399733733
22489,29236.00000000001,20206.15221317338,9029.84778682663
2249,131324.99999999997,125063.99717580358,6261.002824196388
22496,68245.00000000003,63195.99122031605,5049.00877968398
2252,118593.00000000007,81645.59285955146,36947.40714044862
22521,117081.99999999993,111470.7668877979,5611.233112202026
22526,75409.99999999997,51805.244282324624,23604.755717675347
22552,87011.00000000001,79732.80186472436,7278.198135275656
22567,98611.99999999996,106266.32338514135,7654.323385141397
22586,175000.00000000012,134804.94831134457,40195.05168865554
22596,102141.99999999993,103951.50161182639,1809.5016118264612
22614,161968.00000000006,96063.77759544946,65904.2224045506
22623,159999.99999999997,199585.59493560717,39585.594935607194
22635,95999.99999999996,50501.62298908598,45498.37701091397
22641,145000.00000000012,155136.1582947256,10136.158294725494
22666,210000.0,179539.63943108468,30460.36056891532
22669,40000.0,106552.49222857218,66552.49222857218
2267,79570.0,70802.09214733985,8767.907852660152
22671,159999.99999999997,115932.62130489865,44067.37869510132
22678,127616.0000000001,78868.53263896296,48747.46736103714
22689,150000.00000000006,160431.97991634038,10431.979916340322
2269,120000.00000000004,103347.55288366407,16652.44711633597
2270,80050.00000000006,94058.67915025263,14008.679150252574
22705,130000.00000000009,139007.75713737172,9007.757137371635
22716,133000.00000000012,126468.42835042193,6531.571649578182
22787,12736.999999999996,24539.951425955045,11802.951425955049
22794,127999.99999999997,119249.9848404064,8750.015159593575
2282,32484.000000000022,29768.784454693407,2715.2155453066152
22827,97514.00000000009,94169.80050812836,3344.1994918717246
22837,60000.000000000015,30760.342805779135,29239.65719422088
2285,131445.0000000001,71696.68454279444,59748.31545720565
22853,25000.000000000004,59164.90931442181,34164.909314421806
2289,104413.00000000009,85079.31644375437,19333.683556245713
22902,44999.999999999985,190598.02307797413,145598.02307797415
22906,116014.99999999991,74977.02005717525,41037.97994282466
22912,96999.99999999999,114442.84634400836,17442.846344008372
22933,174682.0000000001,113599.62384816607,61082.37615183402
22959,57587.999999999985,89958.14080139835,32370.14080139836
22962,113116.00000000006,123227.78457980497,10111.78457980491
22966,109999.99999999991,82035.15765642273,27964.842343577184
23028,46330.99999999997,34226.64923601668,12104.35076398329
23029,50041.999999999956,58235.21175765551,8193.211757655554
23037,52206.99999999997,64940.400596371124,12733.400596371153
23045,34871.99999999999,23183.169578225356,11688.830421774637
23062,104413.00000000009,87555.5880408648,16857.411959135294
23078,51144.999999999956,51339.94102587217,194.94102587221278
231,139999.9999999999,78580.2835761208,61419.716423879116
23113,93971.99999999996,89466.5159258932,4505.48407410676
2312,10999.999999999993,116371.55843183912,105371.55843183913
23145,36768.000000000015,110577.18669087847,73809.18669087846
23158,24363.000000000004,47237.96822364675,22874.968223646745
23160,180015.0000000001,165498.74390882335,14516.256091176736
23166,118334.99999999994,103078.91711561455,15256.082884385396
23174,232028.99999999985,99795.2385933278,132233.76140667207
2319,63807.999999999985,58470.42703389437,5337.5729661056175
23201,92812.00000000007,78307.37001607873,14504.629983921346
2321,125250.00000000001,139951.0144042396,14701.014404239584
23254,210000.0,176348.2779446541,33651.72205534589
23279,139218.0000000001,96187.61886590534,43030.38113409474
23370,52206.99999999997,67442.2579497082,15235.257949708233
23378,78595.00000000004,75001.84743639166,3593.1525636083825
23403,185000.00000000006,186035.07233932696,1035.0723393269
2341,97451.99999999997,82615.05416221637,14836.945837783598
23413,139999.9999999999,39172.12846005741,100827.87153994251
23437,93610.99999999993,81106.07825122707,12504.92174877286
2345,165000.00000000015,80119.85173937744,84880.14826062271
23463,180000.00000000003,170763.4280841298,9236.571915870241
23509,104413.00000000009,120796.60549911733,16383.605499117242
23541,108913.0,95362.88197995897,13550.11802004103
2360,26795.00000000001,53213.11466907593,26418.114669075916
23607,70573.99999999996,58475.22626336424,12098.773736635718
23613,58119.999999999985,30538.247313900534,27581.75268609945
23621,65780.00000000003,46926.837830069206,18853.162169930823
2369,81870.00000000004,40850.91366298134,41019.08633701871
23696,259999.9999999998,209885.08181206186,50114.91818793793
23707,156562.99999999997,127477.69224888248,29085.307751117492
2372,98611.99999999996,76284.22335058874,22327.776649411215
23740,80254.00000000001,91245.7979928127,10991.797992812688
23771,116014.99999999991,81842.06145018604,34172.93854981387
23829,210000.0,189047.64862491292,20952.351375087077
2383,61284.999999999956,64019.56781220417,2734.5678122042154
23843,159999.99999999997,97196.2570386428,62803.74296135717
23852,120000.00000000004,190279.6413609633,70279.64136096324
23860,27897.999999999978,58471.565664890506,30573.565664890528
23877,118193.00000000007,86206.82096502141,31986.17903497866
23886,121815.0000000001,110614.94913133718,11200.050868662918
2390,197224.99999999994,83767.40080706759,113457.59919293235
23904,170000.00000000012,196322.5214742154,26322.52147421529
23933,69609.0,96163.21171968574,26554.211719685743
2395,199999.99999999997,182678.42269808782,17321.577301912155
23951,84276.99999999993,72172.93190669142,12104.06809330851
23952,137659.0,89597.31983189138,48061.68016810862
23961,149777.99999999994,79556.8706097191,70221.12939028084
2400,299999.99999999977,214482.67017821554,85517.32982178422
2401,92812.00000000007,93518.99406374955,706.9940637494728
24023,64999.999999999956,59295.9407946191,5704.059205380858
2403,127616.0000000001,86824.34555912096,40791.65444087914
24058,163369.99999999988,94591.70207337292,68778.29792662697
24097,110214.00000000007,80225.92951514483,29988.07048485524
24154,202999.9999999999,258074.3668167272,55074.3668167273
2416,101088.00000000007,125553.47762709395,24465.477627093875
24213,11982.99999999999,26877.265796342614,14894.265796342623
24218,208826.00000000015,122826.9811592304,85999.01884076974
24221,110214.00000000007,60849.75883979793,49364.241160202146
24259,64592.00000000004,70148.9259160445,5556.925916044471
24268,180000.00000000003,177606.78822317978,2393.2117768202443
24271,170000.00000000012,166181.66728384024,3818.332716159872
24284,19102.999999999996,22318.595936383994,3215.5959363839975
24308,124000.00000000007,126005.706061949,2005.7060619489203
24335,334999.9999999998,177388.11555538137,157611.88444461845
24341,41339.99999999999,26239.961102392248,15100.038897607745
24359,93610.99999999993,91754.03764252944,1856.9623574704892
24361,150000.00000000006,170699.96204772472,20699.962047724664
24363,32484.000000000022,23605.682342755634,8878.317657244388
24367,75000.00000000004,74421.3369044609,578.6630955391447
24371,136141.0000000001,127166.22453081733,8974.775469182758
24372,75409.99999999997,80808.7812268941,5398.781226894134
24397,104829.0,82791.42521506765,22037.574784932352
24412,54000.00000000001,89556.35792026932,35556.357920269314
24427,68071.00000000004,93043.85066706351,24972.850667063467
24449,75409.99999999997,62923.535406218645,12486.464593781326
24465,111000.00000000004,168378.54915858392,57378.549158583875
2448,116014.99999999991,68382.71045128425,47632.289548715664
24492,94552.00000000003,107890.43517022593,13338.435170225901
2452,23202.99999999999,58847.15526298271,35644.15526298272
24521,330000.0000000001,199995.17364751437,130004.82635248575
24537,74270.99999999999,81940.47283849445,7669.472838494461
24567,64999.999999999956,58068.50303448734,6931.496965512619
24575,23202.99999999999,37936.34646749683,14733.346467496838
24618,156620.00000000003,148503.7933073148,8116.206692685228
24624,36407.00000000001,71225.1655206346,34818.1655206346
24665,39874.00000000001,21033.486343151784,18840.513656848223
24682,86999.99999999994,70700.53218849745,16299.467811502487
24685,180000.00000000003,173490.348811025,6509.651188975025
24686,71077.99999999996,95112.02451511154,24034.02451511158
2471,174021.99999999988,92643.26272922593,81378.73727077396
24714,149565.00000000003,155363.8691475478,5798.869147547783
24718,163999.99999999988,155232.934455509,8767.065544490877
2475,73683.00000000006,70028.89334822998,3654.106651770082
24752,86630.99999999994,83273.7051241983,3357.294875801643
24765,148000.00000000015,99592.85253654649,48407.14746345366
24770,275000.0000000002,190364.4510782612,84635.54892173898
24784,34935.99999999998,32420.83966420367,2515.1603357963068
248,80000.0,135093.96455560307,55093.964555603074
2481,60000.000000000015,71179.4955062509,11179.495506250882
24845,81262.00000000001,123393.63922977206,42131.639229772045
24855,55271.00000000004,48924.219761125314,6346.780238874722
2487,150000.00000000006,115543.51070625508,34456.48929374498
24871,58119.999999999985,38844.34239045226,19275.65760954773
24878,130000.00000000009,177277.7837632711,47277.783763271
24919,159999.99999999997,167686.1837116232,7686.18371162322
24921,56378.99999999996,59821.382064348,3442.382064348036
24926,116014.99999999991,99201.56910508475,16813.43089491516
24942,40663.00000000003,50469.938412497235,9806.938412497206
24968,154990.99999999988,175120.5312778811,20129.531277881208
24987,52206.99999999997,35312.95224812825,16894.047751871723
24993,33885.99999999997,61848.16692313227,27962.166923132296
25005,81262.00000000001,146251.3137297422,64989.31372974218
2501,139999.9999999999,107607.11450052478,32392.88549947513
25079,119033.00000000004,120673.66752894249,1640.6675289424456
25096,122526.99999999996,130719.75177356796,8192.751773568001
25099,41846.00000000003,12473.54168049035,29372.45831950968
2510,125290.00000000006,84142.10553293054,41147.89446706952
25107,32484.000000000022,67760.14475831097,35276.14475831095
25108,26140.999999999978,21012.27193409097,5128.728065909007
25123,44086.0,83760.6533959739,39674.6533959739
25127,89331.00000000004,92721.71709980458,3390.717099804533
25143,46405.99999999998,39789.690886914424,6616.309113085554
2516,219999.99999999983,218500.51891737973,1499.4810826200992
25175,139218.0000000001,56150.1407133536,83067.85928664649
25188,116014.99999999991,97449.72031353068,18565.279686469235
25191,58795.000000000015,73406.27045095156,14611.270450951546
25225,40000.0,46498.52398682229,6498.5239868222925
25229,76728.99999999999,109614.64597564706,32885.64597564707
2523,61264.00000000001,91870.1687745229,30606.168774522892
2525,50000.000000000015,18766.474405738783,31233.52559426123
25258,34699.99999999999,31510.33947543262,3189.6605245673745
25277,34804.0,40299.63254891535,5495.632548915353
25279,68217.99999999997,51686.38990251562,16531.61009748435
2536,196988.00000000017,142342.19203903072,54645.807960969454
25391,139218.0000000001,118943.88201394334,20274.11798605675
25393,40605.000000000015,49505.43841285244,8900.438412852425
25412,12291.000000000005,15359.582584142629,3068.582584142623
25420,15009.0,25188.741081247666,10179.741081247666
25424,69609.0,98245.95461035498,28636.95461035498
25425,24290.00000000002,23922.575891409197,367.42410859082156
25427,49157.999999999956,51103.44201331223,1945.4420133122767
25446,162420.99999999988,79113.666711975,83307.33328802488
25482,10148.000000000002,60747.010824893616,50599.010824893616
25484,168421.00000000015,95611.84648488692,72809.15351511323
25505,123993.0000000001,156083.8675805665,32090.867580566395
25508,67289.00000000001,70484.76466028884,3195.764660288827
25513,95999.99999999996,95300.64899529949,699.3510047004675
25518,45245.99999999997,74504.70613497979,29258.706134979817
25523,97839.00000000004,114724.99887083049,16885.998870830445
25525,77383.00000000001,100367.85751894051,22984.857518940495
2553,25999.999999999985,52223.67274071035,26223.672740710368
25542,56972.00000000001,76877.8304894208,19905.83048942079
25549,180000.00000000003,148827.98651041524,31172.013489584788
25573,75409.99999999997,65351.162672189734,10058.837327810237
25578,97514.00000000009,138908.1617854081,41394.16178540801
25581,278434.9999999999,114243.42674765424,164191.57325234564
2559,75409.99999999997,86381.20050982034,10971.200509820366
25615,63807.999999999985,93369.67855053204,29561.67855053206
25620,73374.99999999996,84335.06934017596,10960.069340176007
25636,15355.000000000002,22227.461841293018,6872.461841293016
25663,159999.99999999997,108851.50356720679,51148.49643279318
25675,30221.99999999998,24207.10344789859,6014.896552101392
25676,70793.99999999994,68415.24278059042,2378.7572194095264
25686,27843.99999999999,57382.8038354643,29538.80383546431
25697,95999.99999999996,78813.44401465308,17186.555985346873
25704,123540.0,121643.30054817685,1896.6994518231513
25710,107000.00000000003,87322.24887251007,19677.75112748996
25721,87011.00000000001,83488.18796218061,3522.8120378194
2573,159999.99999999997,128412.70528377475,31587.294716225224
25742,38171.00000000003,33135.47714357354,5035.522856426491
25771,229235.0,77210.98415840488,152024.01584159513
25777,180000.00000000003,148026.42735949095,31973.572640509083
25779,136528.00000000012,59545.06002985501,76982.9399701451
25781,60000.000000000015,31758.51305291966,28241.486947080353
25785,35103.99999999999,69196.72165078185,34092.72165078186
25789,104225.00000000009,108384.9203945164,4159.920394516317
25792,73261.99999999994,76267.24305011085,3005.2430501109047
25808,54432.000000000015,17343.721803046035,37088.27819695398
2585,13921.999999999993,31365.86633956338,17443.86633956339
25861,27843.99999999999,32579.75373089427,4735.753730894281
25866,84266.99999999999,65396.029456710996,18870.97054328899
25888,89000.00000000004,97272.25768494992,8272.257684949873
2589,215000.0,159345.01011475403,55654.989885245974
25892,175000.00000000012,192748.89517354438,17748.895173544268
25909,74419.99999999994,71884.43302085275,2535.5669791471882
25943,46405.99999999998,45846.5829605674,559.4170394325774
2595,75000.00000000004,74174.7777274691,825.2222725309402
25969,139218.0000000001,114328.5944483347,24889.40555166539
25972,23202.99999999999,21942.217943164236,1260.7820568357529
25978,31324.00000000001,28481.419712690633,2842.580287309378
25980,152000.00000000006,194736.50845331576,42736.508453315706
25987,120559.99999999999,229764.46218618503,109204.46218618505
25990,50000.000000000015,69323.70815419582,19323.708154195803
26011,225000.00000000015,136775.32095797692,88224.67904202323
26012,188000.00000000012,186148.12722184305,1851.8727781570633
26014,249999.9999999998,183035.96013517058,66964.03986482922
26034,35116.000000000015,56634.50914829922,21518.509148299207
26050,189999.9999999999,145613.68652017313,44386.313479826786
26060,39520.99999999997,79411.91605246095,39890.916052460976
26065,26320.0,58935.35084111653,32615.35084111653
26076,10461.99999999999,24193.584482035905,13731.584482035914
26091,299999.99999999977,191298.16628508412,108701.83371491564
26094,17999.999999999993,57722.72499214599,39722.724992145995
26107,81209.99999999994,90710.58931908518,9500.589319085237
26110,159999.99999999997,142383.44904738775,17616.55095261222
26113,139999.9999999999,113679.75911424817,26320.240885751744
26121,159999.99999999997,94190.22152762974,65809.77847237024
26142,100000.00000000004,118163.40428946873,18163.404289468686
26152,27843.99999999999,31435.51998646315,3591.5199864631613
26168,96870.00000000003,75013.48904605376,21856.510953946272
26169,157999.99999999997,132109.13209601227,25890.867903987702
26176,249999.9999999998,158330.87531792757,91669.12468207223
2619,80000.0,107927.06962960094,27927.06962960094
26203,63807.999999999985,79567.21273295526,15759.212732955275
26216,83531.00000000003,95531.50432209065,12000.504322090623
26217,42412.000000000015,48190.71229922205,5778.712299222032
2623,180000.00000000003,219706.95956939211,39706.959569392086
26254,129333.99999999996,153124.92225887376,23790.922258873805
26262,104999.99999999997,122882.13690614283,17882.136906142856
26291,50000.000000000015,44619.271342434855,5380.72865756516
26294,130992.0,54800.98001144398,76191.01998855601
2630,70554.00000000003,82449.18856311726,11895.188563117234
26307,75000.00000000004,64265.63363998534,10734.366360014705
26313,51850.99999999996,64500.45182586468,12649.451825864715
26335,96299.99999999997,101756.31156651466,5456.311566514691
26336,75000.00000000004,67721.24415100263,7278.755848997418
26341,380650.9999999997,155615.27824744486,225035.72175255485
26362,35477.00000000002,33181.860120103294,2295.1398798967275
26384,104000.00000000003,94240.25637473092,9759.743625269111
26391,40047.99999999996,44749.20566604567,4701.205666045709
26395,109999.99999999991,150230.36127246168,40230.36127246177
26399,78958.99999999999,44809.74587063613,34149.25412936386
26413,383591.0000000001,20963.741052188077,362627.258947812
26422,64927.00000000003,28425.978143904256,36501.02185609577
26432,84999.99999999996,66238.16570373895,18761.834296261004
26437,43688.999999999985,28660.567813606223,15028.432186393762
26446,23113.99999999998,71829.0387392725,48715.03873927251
26451,88413.00000000003,163591.38059744902,75178.380597449
26464,180000.00000000003,201354.33694892583,21354.336948925804
26473,100000.00000000004,173301.78731044126,73301.78731044121
26475,43993.0,55688.09988477419,11695.099884774187
26478,25484.999999999985,30657.63010942328,5172.630109423295
26488,63807.999999999985,87483.34847246461,23675.348472464626
26501,199176.0000000001,128997.43271059265,70178.56728940744
26503,97451.99999999997,130369.67221230987,32917.6722123099
26504,235000.0,201496.04736271486,33503.95263728514
26508,57341.99999999999,52140.533197936114,5201.466802063878
26527,29999.99999999999,44090.657849813855,14090.657849813866
2653,60037.99999999997,70661.39527349155,10623.39527349158
26540,38228.00000000002,39966.27680935213,1738.276809352108
26546,118602.00000000004,54806.05882190853,63795.94117809151
2655,116014.99999999991,78424.06459482734,37590.93540517257
26552,102400.00000000004,82330.11066537148,20069.889334628562
26562,99388.00000000004,106494.68801820632,7106.688018206274
2658,55345.99999999997,59621.42215799069,4275.422157990717
26582,217999.99999999988,186492.28533880002,31507.71466119986
2659,150000.00000000006,175914.11187319495,25914.111873194895
26599,182395.99999999997,179443.69994081833,2952.300059181638
26601,32987.99999999997,30464.963037155983,2523.0369628439876
26618,95595.99999999994,73736.43339299482,21859.566607005123
2662,77730.00000000006,70752.70243613595,6977.297563864107
26644,116014.99999999991,107377.82816796463,8637.171832035281
26649,290592.0,77650.16188537827,212941.83811462173
26662,18598.000000000007,59774.22916036076,41176.22916036075
26673,34804.0,46123.89193920683,11319.891939206827
26678,169426.00000000006,177201.37398060365,7775.373980603588
2668,109222.00000000009,85303.39901754892,23918.60098245117
26681,58006.99999999995,51036.43264572385,6970.5673542761
26687,234336.99999999985,34647.21408310856,199689.7859168913
26688,49886.00000000002,49995.01586791279,109.01586791277077
26693,237829.99999999983,78516.3002735306,159313.69972646923
2670,115706.99999999996,121062.80202998036,5355.802029980405
26703,46405.99999999998,69077.21825170702,22671.21825170704
26723,97451.99999999997,94951.26510016025,2500.734899839721
26745,87133.99999999996,43604.06308776719,43529.93691223277
26761,34107.99999999999,55812.10082094235,21704.10082094236
26763,88647.00000000004,88312.4608886236,334.539111376449
2677,211782.0,136558.57612662535,75223.42387337465
26779,58006.99999999995,65507.78280396659,7500.782803966642
2678,65663.00000000003,71928.61617765955,6265.616177659525
26791,25722.000000000007,33111.92181781468,7389.921817814669
268,79042.99999999996,50740.293785050155,28302.7062149498
2680,25755.000000000004,37616.68835008001,11861.688350080007
26837,63807.999999999985,54678.42818156572,9129.571818434262
26838,58006.99999999995,53823.72583437864,4183.274165621311
2684,130000.00000000009,127549.18834456876,2450.811655431331
2686,150819.0000000001,99047.1571271948,51771.84287280528
26863,232028.99999999985,122397.09013323908,109631.90986676078
26869,148791.0000000001,108001.1407874603,40789.859212539784
2688,85769.00000000004,87036.7504028669,1267.7504028668627
26882,11869.000000000004,49312.26761521919,37443.267615219185
26894,63807.999999999985,71136.99686937561,7328.996869375624
26897,98611.99999999996,57680.78674364016,40931.2132563598
26901,41765.00000000001,55506.79666409174,13741.79666409173
26907,87011.00000000001,60951.89006072477,26059.109939275244
26917,63807.999999999985,58416.140591725256,5391.8594082747295
26920,39520.99999999997,47111.045255113975,7590.045255114004
26923,290037.00000000023,140597.24037305388,149439.75962694635
26926,99194.00000000001,100978.0208060837,1784.0208060836885
26936,69609.0,74720.71075238138,5111.710752381376
26942,75000.00000000004,80852.57560060541,5852.575600605371
26945,20458.000000000007,24357.58460959176,3899.5846095917514
26950,23999.99999999999,23039.8417295632,960.1582704367902
26955,34804.0,33143.96977389864,1660.0302261013567
26967,124415.99999999993,144536.96828720334,20120.968287203417
2700,45245.99999999997,55662.633941542896,10416.633941542925
27006,62647.99999999997,72507.88588996377,9859.8858899638
27007,113694.00000000004,96989.77557407915,16704.224425920896
27011,88492.00000000003,93324.35197331241,4832.351973312383
27014,234543.00000000003,177680.6895354087,56862.31046459134
27015,147071.0000000001,87989.7435933189,59081.25640668119
2702,159999.99999999997,108305.1619239735,51694.83807602647
27035,69609.0,64631.82082229545,4977.179177704551
27037,104413.00000000009,91811.6258000079,12601.374199992191
27052,124135.99999999999,96826.6322834247,27309.36771657529
27053,52206.99999999997,62317.35181505115,10110.35181505118
27058,51276.00000000003,38268.06631186024,13007.93368813979
27075,29004.00000000001,34136.846044924896,5132.846044924885
27090,50371.99999999997,53134.441075659204,2762.4410756592333
27102,109160.00000000003,56986.61116453072,52173.38883546931
27127,19760.99999999998,44225.68069991409,24464.680699914108
2713,139218.0000000001,90040.51051892973,49177.489481070355
2714,72599.99999999999,67701.99268471284,4898.007315287148
27141,22318.999999999985,49191.63556616454,26872.635566164558
27144,17435.999999999993,24686.88854395876,7250.888543958768
2715,174021.99999999988,136732.3585297851,37289.64147021479
27150,90000.00000000001,42176.527955649326,47823.47204435069
27153,45464.00000000002,46261.17950165925,797.1795016592296
27177,65348.00000000003,72921.24188618337,7573.241886183343
27178,88242.99999999993,117621.04148402395,29378.041484024026
27200,65236.99999999996,35670.39616242629,29566.603837573675
27203,11132.999999999993,18093.126385756554,6960.126385756561
27219,35999.99999999998,32015.74900767244,3984.2509923275393
27225,13780.000000000007,13732.972742285694,47.02725771431324
27242,73936.00000000006,109964.5640948882,36028.56409488815
27244,85271.00000000004,72860.03916389696,12410.960836103084
27251,92812.00000000007,112778.79041320513,19966.79041320506
27259,10871.0,127606.2671938174,116735.2671938174
27303,31856.99999999997,30733.754558119268,1123.2454418807029
27312,69609.0,74391.32447540089,4782.324475400892
27317,26735.0,31624.091254605886,4889.091254605886
27321,69609.0,85242.9148131461,15633.914813146097
27324,151000.00000000006,152396.4149939022,1396.4149939021445
27328,81209.99999999994,86665.4082017699,5455.408201769955
27330,56561.000000000044,77716.69207099215,21155.69207099211
27333,22924.0,41378.627273120066,18454.627273120066
27359,112000.00000000004,102153.99082229761,9846.009177702435
2737,78958.99999999999,62570.911771148014,16388.08822885197
27370,116014.99999999991,136024.6724423337,20009.672442333773
27378,237114.9999999998,110779.41751213842,126335.58248786138
27404,121110.99999999997,132960.6837355445,11849.683735544531
27415,75409.99999999997,97887.96399157245,22477.963991572484
27416,175000.00000000012,120495.6220888856,54504.37791111451
27419,95000.00000000001,95266.62501119138,266.6250111913687
27423,139218.0000000001,118389.25202685312,20828.747973146965
27431,77517.00000000006,140248.9053682628,62731.90536826273
27445,170000.00000000012,139592.29788714857,30407.702112851548
27449,134999.99999999997,151497.57768279663,16497.577682796662
27455,69609.0,39446.685337555675,30162.314662444325
27473,92812.00000000007,100619.18751469844,7807.187514698366
27477,150000.00000000006,189311.62643335588,39311.62643335582
27485,98243.99999999997,100124.44318171324,1880.4431817132718
27495,48726.000000000044,104625.14488571258,55899.144885712536
27506,46918.00000000002,42351.4706504032,4566.529349596822
27512,119271.00000000004,62429.22148057287,56841.77851942717
27513,58006.99999999995,34914.847526792495,23092.152473207454
27514,135999.99999999997,133921.20805414277,2078.7919458571996
27522,231999.99999999997,163831.53361558705,68168.46638441292
27539,54526.99999999996,91852.62280241522,37325.62280241526
27546,13099.0,29204.796032676433,16105.796032676433
27558,170000.00000000012,202572.19018555622,32572.1901855561
27561,50000.000000000015,76862.14129571716,26862.14129571714
27565,152000.00000000006,121762.66330951071,30237.33669048935
27574,147499.99999999997,150633.5246997934,3133.52469979343
27576,69309.99999999999,85528.92476249857,16218.924762498587
27582,53588.999999999985,46670.02173784848,6918.978262151504
27603,20302.999999999985,24058.55944969631,3755.559449696324
27610,87550.00000000007,82808.49635797569,4741.503642024385
27613,54526.99999999996,72502.88483968179,17975.88483968183
27616,52206.99999999997,61663.70446435676,9456.704464356786
27620,188999.99999999988,190115.4376765346,1115.437676534726
27640,146189.0000000001,110139.87178946644,36049.12821053364
2765,41868.00000000002,36383.81894808983,5484.181051910193
27653,371247.0000000002,100898.4125177858,270348.5874822144
27668,150000.00000000006,121198.411726155,28801.58827384506
27679,81209.99999999994,108069.23881882842,26859.238818828482
27705,159999.99999999997,94548.8524422806,65451.14755771938
27709,133417.0,101675.8515697464,31741.148430253597
2771,67464.00000000004,80723.4683335304,13259.468333530356
27710,69609.0,65277.43899881745,4331.561001182548
2772,16241.999999999995,44005.653677451264,27763.65367745127
27725,109999.99999999991,170024.92820844016,60024.92820844025
2773,62625.00000000005,62373.78257950315,251.21742049689783
27732,61635.000000000015,60104.7371064364,1530.2628935636167
27733,91198.00000000007,91029.77073253064,168.22926746943267
27753,42345.00000000001,40610.865276493256,1734.1347235067515
27763,80505.00000000004,78114.53290330009,2390.4670966999547
27769,43321.99999999997,72310.23319271569,28988.23319271572
27774,74248.99999999999,45517.90402070413,28731.095979295853
27790,133919.0000000001,114057.80088420774,19861.199115792348
27812,20882.99999999999,23207.139544797614,2324.1395447976247
27821,72957.99999999994,94803.42602943596,21845.426029436014
27824,87999.99999999996,100056.29424627792,12056.294246277961
27842,101545.99999999996,25840.83520533096,75705.16479466899
27845,60000.000000000015,124882.62415517234,64882.62415517232
27849,74247.99999999997,40026.86185638133,34221.13814361864
2785,143000.0000000001,171463.50749657428,28463.507496574195
27881,249999.9999999998,105283.17954814208,144716.8204518577
27892,72160.00000000004,70499.43409246864,1660.5659075314034
27901,47284.99999999997,40821.445215417174,6463.554784582797
27934,63807.999999999985,55169.22327681562,8638.776723184368
27938,90000.00000000001,139758.97863037686,49758.97863037685
27953,64967.999999999956,67649.57867212538,2681.5786721254262
27957,134999.99999999997,131721.0764658338,3278.9235341661843
2796,87550.00000000007,94006.8755055034,6456.875505503325
27960,90491.00000000006,84291.87736246402,6199.122637536042
27971,11486.99999999999,15864.80316746668,4377.803167466689
27986,59166.99999999997,62441.17322471406,3274.17322471409
28002,20882.99999999999,23897.573888393632,3014.573888393643
28006,80050.00000000006,31825.142696588093,48224.85730341196
2801,73089.00000000006,71301.61295665243,1787.3870433476259
28020,64040.000000000015,55472.20993795907,8567.790062040942
28023,54456.99999999997,74131.36482403021,19674.364824030243
28032,69331.0,82523.66529272273,13192.665292722726
28035,22038.000000000007,25854.366139786704,3816.3661397866963
28042,32484.000000000022,51441.47804464916,18957.478044649135
28045,17435.999999999993,40302.1189717999,22866.118971799908
28083,139218.0000000001,68198.48715314652,71019.51284685357
28115,33644.00000000001,24575.431744314432,9068.568255685575
2812,40605.000000000015,50998.66680892215,10393.666808922135
28123,83919.99999999997,61631.37003286182,22288.62996713815
28124,81209.99999999994,84895.38895029476,3685.388950294815
28129,238248.0000000001,135849.8795880272,102398.1204119729
28133,41639.99999999998,32107.456351625242,9532.543648374736
28141,81685.0,105770.69762386265,24085.697623862652
28147,53946.99999999997,57395.58135079974,3448.5813507997664
28156,92812.00000000007,120186.02823613142,27374.028236131344
28161,299999.99999999977,73974.55073932228,226025.4492606775
28175,83509.00000000001,74320.59629728935,9188.403702710668
28189,121074.00000000003,48337.846950994244,72736.15304900578
28196,75409.99999999997,84766.86184890132,9356.861848901346
28198,116014.99999999991,105494.3777094782,10520.622290521715
28199,29060.0,40434.792604353206,11374.792604353206
28206,114358.99999999994,116424.68545873462,2065.685458734675
28219,67203.00000000003,54879.48067577222,12323.519324227811
28221,83046.00000000006,81100.73999148633,1945.2600085137237
28229,27289.99999999998,43827.058639967996,16537.058639968014
28236,20631.00000000002,30644.248362911905,10013.248362911887
2824,87011.00000000001,108330.71507228105,21319.715072281033
28241,105660.00000000006,94172.36252600765,11487.637473992407
28243,33777.999999999985,37044.75391598776,3266.753915987778
28249,130000.00000000009,58243.08926953127,71756.91073046881
2825,87011.00000000001,87893.44798175542,882.4479817554093
28266,76516.00000000006,112829.31653583264,36313.31653583258
2827,72957.99999999994,91659.21321709293,18701.213217092984
28277,82468.99999999994,53905.12926370615,28563.870736293793
28281,77730.00000000006,70268.52678294528,7461.4732170547795
28304,110515.99999999996,105531.61436537643,4984.385634623526
28317,53366.999999999956,86918.08152500012,33551.08152500016
28320,23999.99999999999,40985.734744734385,16985.734744734396
28328,73089.00000000006,86328.17263050897,13239.17263050891
28347,76570.00000000006,66981.69441723595,9588.305582764107
28355,94846.00000000006,71165.69259183382,23680.307408166234
28360,13921.999999999993,24870.58065114201,10948.580651142016
28370,92812.00000000007,67065.35973438609,25746.640265613984
28376,47931.99999999997,50936.655435382294,3004.655435382323
28388,139218.0000000001,80859.87136699815,58358.128633001936
28398,46540.99999999997,64864.08875786688,18323.088757866906
28407,71200.00000000003,60792.8953306475,10407.104669352528
28413,116014.99999999991,137953.68561267547,21938.68561267556
28417,29999.99999999999,23145.750352268973,6854.249647731016
28435,76412.00000000001,62261.93290394962,14150.067096050392
2844,35584.00000000002,46224.27880612981,10640.27880612979
28463,40684.00000000001,24836.767717148712,15847.232282851295
28468,12223.000000000007,29248.753737977768,17025.75373797776
28472,145000.00000000012,122183.02670433228,22816.973295667834
28485,116014.99999999991,90245.74579275161,25769.254207248305
28489,29957.999999999975,38439.301270968295,8481.30127096832
28493,83858.00000000004,36126.535406252086,47731.46459374796
28500,153999.99999999988,112373.72825209131,41626.27174790857
28506,34804.0,62351.35604024224,27547.356040242237
28510,116014.99999999991,97406.39182581395,18608.608174185967
28522,104829.0,79114.19529685483,25714.80470314517
28524,61171.000000000044,58584.04757127209,2586.9524287279564
28532,87303.99999999999,61433.08861708342,25870.911382916565
28535,58006.99999999995,85009.11933322008,27002.11933322013
28540,10713.0,69171.85060474955,58458.85060474955
28553,99194.00000000001,108282.7942583786,9088.794258378592
28567,70000.00000000001,101028.35080705865,31028.35080705864
28583,60000.000000000015,112785.77917670665,52785.77917670664
28584,17999.999999999993,30864.16191061538,12864.161910615388
28594,150000.00000000006,168674.88084395588,18674.88084395582
286,23202.99999999999,40503.580217586714,17300.580217586725
28603,75409.99999999997,61526.60690903753,13883.39309096244
28621,159999.99999999997,167768.0288967965,7768.028896796517
28623,46115.99999999996,30209.212699966414,15906.78730003355
28628,102092.99999999999,89388.94139396651,12704.058606033475
28633,199999.99999999997,166174.12456739307,33825.8754326069
28644,120000.00000000004,132251.3921034337,12251.392103433653
28659,51045.99999999999,44089.20242216794,6956.797577832054
28661,60000.000000000015,70110.1692127407,10110.169212740686
28674,92812.00000000007,71856.17134856165,20955.828651438424
28676,48000.00000000004,122611.58619985568,74611.58619985564
28689,145000.00000000012,215568.60145379562,70568.6014537955
28697,11503.999999999993,54396.23569504372,42892.235695043724
287,81685.0,61947.09850233926,19737.901497660743
28709,185000.00000000006,111614.77338044421,73385.22661955585
28711,99773.00000000004,94775.77067902673,4997.229320973318
28723,20131.999999999985,24625.86880834128,4493.868808341296
28749,69501.99999999994,23931.69013137714,45570.309868622804
2875,120000.00000000004,147281.08208229914,27281.082082299094
28750,116014.99999999991,115078.6313827011,936.3686172988091
28756,163369.99999999988,139072.06301381567,24297.936986184213
28766,176484.99999999988,113380.53486743828,63104.4651325616
28768,104000.00000000003,204628.76965140252,100628.76965140249
28791,64505.000000000044,60590.343430631634,3914.6565693684097
288,106000.00000000001,96584.3850197109,9415.614980289116
28808,145000.00000000012,137026.77800632484,7973.221993675281
2881,58006.99999999995,71599.68918699904,13592.689186999087
28810,61999.99999999997,57483.7187793465,4516.281220653473
28819,56846.99999999997,47217.47288464003,9629.527115359939
2883,81685.0,114712.58143998307,33027.58143998307
28831,58006.99999999995,66300.6461710661,8293.646171066146
28834,57078.99999999998,66029.90473765807,8950.904737658093
2884,36407.00000000001,23277.61558021166,13129.384419788348
28862,199999.99999999997,168193.40817270428,31806.59182729569
2887,124999.9999999999,137575.33886606173,12575.338866061837
28875,68134.00000000001,56150.029831653104,11983.97016834691
28877,54506.99999999997,62628.334797280884,8121.334797280913
28878,104000.00000000003,114516.31788409948,10516.317884099451
28892,42110.999999999985,38063.500037999256,4047.4999620007293
28905,69609.0,66086.47622709228,3522.52377290772
28910,108723.00000000003,112901.01225548315,4178.012255483118
28930,120000.00000000004,96253.86384626316,23746.13615373688
28939,36407.00000000001,29074.60618431407,7332.393815685937
28952,95515.00000000003,72774.49335413764,22740.50664586239
28956,43139.0,63262.77075705002,20123.77075705002
28966,90000.00000000001,144228.98899437225,54228.98899437224
28977,50000.000000000015,87572.93618997393,37572.936189973916
28979,64040.000000000015,67646.26772424937,3606.267724249352
28990,58319.99999999998,57694.08649562296,625.9135043770148
28993,193900.99999999985,55427.75840426693,138473.24159573292
29,77999.99999999994,79844.52402347329,1844.52402347335
29005,71928.99999999996,47171.879226950135,24757.12077304982
29015,124999.9999999999,157965.4699717734,32965.46997177349
29017,104999.99999999997,104389.52365189037,610.4763481096015
29027,130000.00000000009,88001.07969929928,41998.9203007008
29029,153999.99999999988,199014.68273517318,45014.68273517329
29038,29004.00000000001,30817.525503831133,1813.5255038311225
29043,78958.99999999999,16760.82891263237,62198.17108736762
29050,133417.0,114268.66160714663,19148.338392853373
29059,38284.99999999997,42348.30066001877,4063.300660018802
29074,230000.0000000001,186043.26910154644,43956.73089845365
29075,65586.00000000004,33241.10441147439,32344.89558852565
29083,170000.00000000012,125197.62122882067,44802.37877117944
29099,150000.00000000006,126093.2081265678,23906.79187343226
29120,20387.999999999993,23334.685513858316,2946.6855138583232
29124,109438.00000000009,136284.8663902738,26846.866390273703
29127,120000.00000000004,150962.45690832584,30962.456908325796
29135,117499.99999999996,104598.74796177485,12901.25203822511
2914,139218.0000000001,103395.18804650973,35822.81195349035
29160,21206.000000000015,38775.37538100652,17569.375381006503
29169,339999.99999999994,222857.50243343855,117142.49756656139
29171,109438.00000000009,144091.11205356175,34653.112053561665
29195,74760.99999999996,74361.99709532363,399.00290467632294
29214,24410.00000000001,26772.16345348974,2362.1634534897275
29228,54212.000000000015,70185.88690859466,15973.88690859465
29232,67105.0,48628.59276937956,18476.40723062044
29256,107643.99999999991,49645.57984628944,57998.420153710475
29274,170000.00000000012,173564.1537609805,3564.153760980378
2928,124999.9999999999,136495.8618714129,11495.861871412999
29301,29060.0,49674.680095658194,20614.680095658194
29308,109160.00000000003,69055.44486945182,40104.55513054821
29310,78306.00000000003,119467.14681664955,41161.14681664952
2935,199999.99999999997,35085.13568165813,164914.86431834183
29356,72608.00000000001,50301.558342768374,22306.44165723164
29357,91013.00000000006,108543.31539865905,17530.31539865899
29362,113946.99999999996,24535.20602710291,89411.79397289705
29370,89331.00000000004,52643.57192764125,36687.428072358794
29375,98164.00000000007,94856.39126319079,3307.608736809285
29378,46405.99999999998,88693.75599549664,42287.755995496664
29382,34543.99999999999,67252.99119137789,32708.9911913779
29387,55258.0,78853.32317766566,23595.32317766566
2940,133000.00000000012,79436.64494095354,53563.355059046575
29411,20399.999999999993,25827.489985597105,5427.4899855971125
29424,71822.99999999997,55220.3102401567,16602.68975984327
29441,139218.0000000001,81599.9399830388,57618.06001696129
29447,67289.00000000001,97099.07979810223,29810.07979810222
29459,13949.000000000002,26260.3255122096,12311.3255122096
29478,29756.999999999985,100627.24799532258,70870.2479953226
29490,34804.0,29489.683351379856,5314.316648620144
29491,33552.999999999985,17875.497356424778,15677.502643575208
29495,122526.99999999996,89540.58036181403,32986.41963818592
29502,59528.99999999999,79993.27164800598,20464.271648005983
29520,130018.99999999999,173534.55371260905,43515.553712609064
29553,78961.99999999996,69319.59211303608,9642.407886963876
29585,72393.00000000001,75718.75386044776,3325.753860447745
29589,48726.000000000044,64355.22798333858,15629.227983338533
29599,37590.999999999985,27728.243956052473,9862.756043947513
29600,67869.00000000004,73138.59668584153,5269.59668584149
29635,81761.00000000004,71424.24037441518,10336.759625584862
29655,127864.00000000001,62421.1745458729,65442.825454127116
29665,88170.99999999999,109275.17665898449,21104.176658984507
29668,116014.99999999991,116924.36994081177,909.3699408118555
29685,42572.00000000002,62704.50075937868,20132.500759378658
2971,142591.99999999988,144668.066257119,2076.0662571191206
29710,37125.000000000015,39605.313247403305,2480.31324740329
2972,61999.99999999997,140261.4569608011,78261.45696080112
29725,115667.00000000003,108770.09329338171,6896.90670661832
29726,299999.99999999977,72192.56475022314,227807.43524977664
29750,96376.99999999994,90081.84327076528,6295.156729234659
29757,92812.00000000007,85748.8520565106,7063.147943489472
29760,52206.99999999997,90706.85209284094,38499.85209284097
29765,50000.000000000015,36774.256624894435,13225.74337510558
29768,52206.99999999997,46846.78273026994,5360.217269730034
29769,23494.999999999993,40639.54288729941,17144.542887299416
29779,45245.99999999997,88785.80446190847,43539.8044619085
29798,92812.00000000007,64001.30183876908,28810.69816123099
29799,25070.99999999999,35740.42133411328,10669.421334113289
29812,96291.99999999991,74388.86965432507,21903.130345674843
29824,75216.00000000003,66721.0947522993,8494.905247700735
29838,11600.999999999993,24380.587960083718,12779.587960083725
29841,64337.00000000004,89820.6063133637,25483.60631336367
29868,111374.0000000001,112320.41015058309,946.4101505829894
29871,117081.99999999993,102975.3267506879,14106.673249312022
29878,69609.0,88632.14034521123,19023.140345211228
2988,199999.99999999997,200148.21170073477,148.2117007347988
29900,275000.0000000002,198272.9513134526,76727.04868654758
29901,47445.00000000004,60178.470575732135,12733.470575732099
29947,150000.00000000006,29130.412777210335,120869.58722278972
2995,99464.00000000001,87564.58521017488,11899.41478982514
29966,92812.00000000007,73293.81005146999,19518.189948530082
29990,97451.99999999997,84069.63317329269,13382.366826707279
30020,45826.00000000003,65687.82734618924,19861.82734618921
30031,49010.99999999996,62779.215009029795,13768.215009029831
30037,48749.99999999998,53058.27720788716,4308.2772078871785
30069,37125.000000000015,37607.08668959096,482.0866895909421
30079,165000.00000000015,154735.3845675471,10264.61543245305
3009,70000.00000000001,62667.391318889946,7332.608681110069
30103,23007.999999999985,20214.240852865543,2793.759147134442
30108,46806.00000000004,91606.40069354781,44800.400693547774
30123,70125.00000000004,103648.2293121676,33523.22931216756
30124,75555.99999999999,42680.94146286339,32875.058537136596
30149,71999.99999999996,110478.20125798465,38478.20125798469
30159,76999.99999999997,110102.76390197173,33102.76390197176
30164,15109.000000000007,35023.822225166965,19914.822225166958
30178,40605.000000000015,41046.380112520805,441.38011252079014
30239,166400.00000000003,224636.6226593929,58236.62265939286
30244,128894.9999999999,151482.909344247,22587.90934424709
30260,16274.000000000013,19272.792464099864,2998.7924640998517
30262,165000.00000000015,206824.29340060602,41824.29340060588
30266,84999.99999999996,95670.54360510333,10670.543605103376
30273,72957.99999999994,60585.62683318384,12372.373166816105
30274,89118.0,87307.75292136215,1810.2470786378544
30298,47492.00000000004,40085.262082978436,7406.737917021601
30344,92992.00000000003,49024.00933259801,43967.99066740202
30347,137500.00000000012,116702.46509022354,20797.534909776572
30354,118000.00000000009,94901.9274009666,23098.07259903349
30357,100932.99999999999,126520.16020584761,25587.160205847627
30365,92812.00000000007,80578.71134720136,12233.288652798714
30374,71999.99999999996,141235.8928467898,69235.89284678984
3038,110515.99999999996,99874.79779635763,10641.20220364233
30382,219999.99999999983,162184.1395655363,57815.86043446354
30389,208826.00000000015,35621.49448912844,173204.5055108717
30400,369999.99999999977,186625.21615219038,183374.7838478094
30443,61573.999999999956,57247.11302570974,4326.886974290217
30454,84000.00000000003,96960.910690567,12960.910690566976
30466,83857.0,85154.54341435613,1297.5434143561288
30467,81209.99999999994,78745.0974422781,2464.9025577218417
30497,148791.0000000001,136399.49161037785,12391.508389622235
30503,68071.00000000004,83294.19471488179,15223.194714881742
30505,110214.00000000007,88866.30379617619,21347.696203823885
30512,57178.99999999996,46350.69889562251,10828.301104377453
30548,67868.0,72050.58894755285,4182.588947552853
30560,189999.9999999999,171184.84405553827,18815.155944461643
30577,210000.0,207699.9875210481,2300.0124789518886
30587,54610.99999999997,83971.73533965039,29360.73533965042
30603,134999.99999999997,186313.16086563328,51313.16086563331
30616,182395.99999999997,137392.14723672118,45003.85276327879
30624,63807.999999999985,71244.21579274554,7436.2157927455555
30639,94338.99999999999,86989.52795316804,7349.472046831943
30650,145916.99999999988,88591.8757088263,57325.12429117359
30657,60376.999999999956,56987.51847807005,3389.4815219299053
3066,17435.999999999993,16170.002531555789,1265.997468444204
30663,60000.000000000015,104630.44473505892,44630.4447350589
30688,249999.9999999998,176887.33927263867,73112.66072736113
30698,185000.00000000006,233116.75789137912,48116.757891379064
307,116014.99999999991,157373.66874052587,41358.66874052596
30704,286041.0,171168.22156196233,114872.77843803767
30705,23518.00000000002,15789.056866807698,7728.943133192321
30713,10461.99999999999,26132.34836663952,15670.348366639528
30714,259999.9999999998,146190.026776171,113809.9732238288
3075,16714.000000000007,64482.67182533868,47768.67182533867
30776,11999.999999999998,71963.58851946509,59963.58851946509
30780,66258.99999999997,70820.99581482974,4561.995814829774
30808,46405.99999999998,41636.84200079365,4769.157999206327
30817,71898.99999999999,49301.939808450144,22597.06019154984
30835,116733.00000000003,130289.71478099607,13556.714780996044
30840,118593.00000000007,121999.18588277968,3406.1858827796095
30851,61109.00000000001,69469.12984864926,8360.129848649252
30865,13949.000000000002,48451.024134758285,34502.024134758285
3087,199999.99999999997,169361.9155009558,30638.08449904417
30871,103769.00000000007,89537.78450470118,14231.215495298893
30875,97514.00000000009,84573.55851148137,12940.441488518714
3089,116733.00000000003,81316.23877260918,35416.761227390845
30909,64999.999999999956,92904.15906341124,27904.15906341128
30919,174021.99999999988,46942.85499942397,127079.14500057591
30932,58583.99999999999,28070.277849667622,30513.72215033237
30939,111428.00000000003,80676.82858141953,30751.171418580503
3094,78011.0,81421.14853151451,3410.148531514511
30943,32484.000000000022,45941.05281413717,13457.052814137147
30964,108710.00000000009,93046.02911225618,15663.970887743912
3098,40000.0,42670.04822412015,2670.0482241201535
30980,87011.00000000001,62064.65257762068,24946.34742237933
30995,24237.99999999999,29790.084773588827,5552.084773588838
31000,41785.999999999985,28838.832588780548,12947.167411219438
31010,100932.99999999999,79037.47326325662,21895.52673674337
31018,60000.000000000015,60996.40783363958,996.4078336395687
31019,69609.0,48724.10259551087,20884.89740448913
31030,46405.99999999998,72953.54179997224,26547.541799972263
3106,210000.0,152418.37906295725,57581.62093704275
31071,75409.99999999997,96799.33836236676,21389.33836236679
31074,139218.0000000001,106858.3568315639,32359.64316843619
31078,29004.00000000001,26147.103206765256,2856.896793234755
31131,34804.0,24164.58055904731,10639.41944095269
31138,109367.00000000003,133767.00394087244,24400.00394087241
3114,102715.0,92217.38661693559,10497.61338306441
31144,197224.99999999994,128097.28879525128,69127.71120474866
31158,105394.00000000006,96939.49714836648,8454.502851633573
31170,106733.00000000003,101067.10125507214,5665.898744927894
31185,20882.99999999999,23977.563143844647,3094.563143844658
31199,127616.0000000001,124052.27634954115,3563.7236504589528
31214,272283.0000000002,92929.79785492366,179353.20214507653
31217,106733.00000000003,108046.78156313057,1313.781563130542
31223,108913.0,99200.77828100386,9712.221718996137
31230,105394.00000000006,87977.54286851086,17416.457131489195
31231,131999.9999999999,87794.59392668934,44205.40607331057
31256,42416.00000000001,35785.709065018316,6630.290934981691
31259,37125.000000000015,49617.45355064695,12492.453550646933
31299,122804.99999999993,104039.88219219173,18765.1178078082
3130,84512.0,104556.61054347275,20044.61054347275
31307,65528.00000000006,89711.65781916103,24183.657819160973
31326,278434.9999999999,94324.65260562826,184110.34739437164
31329,162420.99999999988,127041.3447268122,35379.65527318769
3134,16822.000000000007,38608.01454203673,21786.014542036726
31342,66128.00000000006,52888.055987649954,13239.944012350104
3137,97855.00000000004,58267.170915857445,39587.8290841426
3138,109999.99999999991,117872.58959907712,7872.5895990772115
31402,88492.00000000003,104770.84566724811,16278.845667248082
31421,75409.99999999997,77254.09358389488,1844.093583894908
3144,87340.99999999999,86676.68142018234,664.3185798176419
31458,29060.0,25893.740728074565,3166.2592719254353
31479,132575.99999999994,132997.70853506154,421.7085350615962
3153,100000.00000000004,144464.37077956367,44464.37077956363
31530,58006.99999999995,89798.11455314828,31791.114553148327
31531,109999.99999999991,118710.98727332032,8710.98727332041
31570,93639.00000000009,66000.64464307303,27638.35535692706
31573,69609.0,89257.60962293856,19648.60962293856
31595,25522.999999999996,68969.52655907042,43446.52655907042
31603,87999.99999999996,130166.60462993485,42166.6046299349
31622,81209.99999999994,77340.86771404538,3869.1322859545617
31626,87550.00000000007,114373.56813003313,26823.56813003306
31628,139999.9999999999,147371.59960130526,7371.599601305352
3163,108000.00000000001,179641.28777933924,71641.28777933923
31643,81685.0,65847.44332400027,15837.556675999731
31655,38284.99999999997,69213.52600201246,30928.526002012484
31678,17435.999999999993,29283.64091664003,11847.640916640037
31680,13996.000000000002,22521.29798693586,8525.297986935859
31684,63807.999999999985,93482.77853674379,29674.778536743805
317,34804.0,60618.26201966807,25814.262019668073
3171,55686.999999999956,57711.47577709459,2024.4757770946308
3172,97514.00000000009,86623.2367426209,10890.763257379193
31722,163369.99999999988,95544.99233223137,67825.00766776851
31731,104829.0,108380.4464413311,3551.446441331107
31733,224000.0,135987.3944126305,88012.6055873695
31745,37125.000000000015,58887.20788081392,21762.207880813905
31746,60328.00000000003,67418.52962170882,7090.529621708789
3176,75877.00000000004,126945.86750217066,51068.867502170615
31780,70000.00000000001,49127.07376461966,20872.926235380357
31791,116014.99999999991,93273.93788023572,22741.06211976419
31797,150000.00000000006,149424.63877099176,575.3612290082965
31864,170000.00000000012,151725.49352715776,18274.50647284236
31868,112999.99999999993,181516.06961100426,68516.06961100434
31871,162000.00000000012,121755.86245744063,40244.13754255949
31883,30945.999999999978,47539.45004953701,16593.45004953703
31886,49886.00000000002,52838.03097102649,2952.03097102647
31897,116014.99999999991,94030.04991816953,21984.95008183038
31899,199999.99999999997,197247.64282449728,2752.3571755026933
31910,10171.000000000007,21059.92521184277,10888.925211842761
3193,94846.00000000006,80232.23111027661,14613.768889723448
31949,75409.99999999997,61056.479024493005,14353.520975506966
31963,17792.0,29779.09431242061,11987.09431242061
31986,91599.99999999997,84275.75374035852,7324.246259641455
31988,150000.00000000006,130864.45754872504,19135.542451275018
31995,278434.9999999999,141507.60111906534,136927.39888093455
31997,45872.99999999999,40144.9078902952,5728.09210970479
32,249999.9999999998,219219.29905232816,30780.700947671634
32005,69862.00000000001,52174.660874933346,17687.33912506667
3203,107915.99999999999,96369.39207962072,11546.607920379261
32035,84999.99999999996,111891.4413962087,26891.441396208742
32042,68134.00000000001,62913.55483492423,5220.445165075784
32044,115304.00000000007,82386.97593605457,32917.0240639455
32055,19721.99999999999,17952.16406534944,1769.8359346505495
32083,64999.999999999956,163970.44258044293,98970.44258044298
32145,120000.00000000004,112068.46203350996,7931.537966490083
32190,48000.00000000004,47534.29253768505,465.70746231498924
32266,97514.00000000009,87999.63574161861,9514.36425838148
32269,34871.99999999999,51600.300547160354,16728.30054716036
3227,299999.99999999977,172507.17733498273,127492.82266501704
32271,14561.999999999998,21692.399995586886,7130.399995586888
32276,93971.99999999996,74751.14970699741,19220.850293002542
32286,49886.00000000002,62529.20014057291,12643.200140572888
32290,64673.99999999998,51266.58028830614,13407.419711693838
32309,68636.99999999997,85804.97319833025,17167.973198330277
32318,53650.99999999999,28998.575711365953,24652.42428863404
32320,15149.000000000013,48244.8763007763,33095.87630077628
32331,69744.00000000004,38445.97952354219,31298.020476457852
3234,34804.0,63801.30810926458,28997.30810926458
3236,61758.999999999985,119480.70579025947,57721.70579025948
3238,99935.00000000003,66171.0119526748,33763.98804732523
324,19345.000000000004,28284.961541767283,8939.96154176728
3240,100000.00000000004,105783.4781082202,5783.478108220152
32405,136449.99999999994,59087.52789853265,77362.47210146728
32430,34804.0,56285.69046137621,21481.69046137621
32483,82622.99999999997,83606.97871831172,983.9787183117442
32488,51045.99999999999,38902.516472405136,12143.483527594857
32522,69162.99999999994,36044.86763467145,33118.13236532849
3253,95000.00000000001,160331.98576837181,65331.9857683718
32544,92812.00000000007,93851.88859188714,1039.8885918870656
3256,12999.999999999995,65099.01576961473,52099.015769614736
32566,89331.00000000004,79177.33724658628,10153.662753413766
32590,204211.99999999997,116254.4153125446,87957.58468745537
32595,18203.99999999999,44184.66148100505,25980.661481005063
32597,109054.00000000003,89672.88100174611,19381.11899825392
32620,104463.99999999999,61970.31653506601,42493.68346493397
32637,217419.99999999997,90379.90358033178,127040.09641966819
32684,120000.00000000004,114990.94622240515,5009.053777594891
32706,111374.0000000001,58058.34980870412,53315.65019129598
32746,151358.9999999999,115779.10007390945,35579.89992609047
3276,58507.999999999956,74849.94391252623,16341.943912526272
32766,10921.999999999995,28770.090383153045,17848.090383153052
32784,249999.9999999998,166570.52174297394,83429.47825702585
32796,75000.00000000004,66561.88016760373,8438.119832396318
328,58367.00000000001,62795.91068114294,4428.91068114293
3280,82000.0,90440.45243685282,8440.452436852822
3282,127676.99999999994,138164.84145497755,10487.841454977606
32839,21069.999999999985,16228.084091600676,4841.915908399309
32864,105312.99999999996,49389.86449385502,55923.135506144936
32881,90142.99999999999,106028.23735416945,15885.237354169469
32887,53020.99999999996,32096.834601427665,20924.1653985723
32917,75409.99999999997,64446.154636378305,10963.845363621665
32940,74248.99999999999,81651.32255736485,7402.322557364867
32950,150000.00000000006,139177.64702769398,10822.352972306078
32975,180000.00000000003,112429.72175852527,67570.27824147476
32985,35948.99999999999,30794.989457616197,5154.010542383796
32991,25070.99999999999,35294.144894543395,10223.144894543406
330,52206.99999999997,55901.20694732788,3694.2069473279116
3300,231999.99999999997,207659.30856865682,24340.691431343148
33020,24739.999999999985,50072.271785853605,25332.27178585362
3303,210000.0,143341.2128500913,66658.78714990869
33035,104413.00000000009,107371.95429661227,2958.9542966121808
33038,161191.00000000006,130430.84036501212,30760.15963498794
3306,189999.9999999999,185019.99395548663,4980.006044513284
33063,82370.00000000001,84969.088157979,2599.0881579789857
33070,28759.00000000002,29976.54201674885,1217.54201674883
33074,11879.999999999995,13353.584821081715,1473.5848210817203
33099,50060.0,51409.422099143856,1349.422099143856
3311,100000.00000000004,152857.34577714172,52857.34577714167
3312,185000.00000000006,137305.06958346226,47694.9304165378
33130,90232.99999999999,89335.8762925782,897.1237074217788
33146,219999.99999999983,139918.10008957697,80081.89991042286
3316,227532.99999999997,120722.2222975607,106810.77770243927
33162,12233.000000000011,13968.58774802862,1735.587748028609
3317,48187.99999999997,54527.49774564346,6339.497745643486
33173,28066.000000000015,21007.344384728487,7058.6556152715275
33187,130000.00000000009,149654.87477083117,19654.874770831084
33192,45507.00000000003,42093.98662850619,3413.013371493842
33194,78961.99999999996,107314.54240575957,28352.54240575961
33196,20358.0,21694.335582265547,1336.3355822655467
3320,199999.99999999997,165016.8935781345,34983.106421865465
33206,39000.0,36324.91803215421,2675.081967845792
33229,14529.999999999987,18464.838713018577,3934.8387130185893
33251,19085.00000000001,23094.685746270556,4009.6857462705448
33256,215000.0,156084.2072524884,58915.79274751159
3326,45507.00000000003,43981.08109877952,1525.9189012205097
33343,46405.99999999998,59716.131851468715,13310.131851468737
33346,41765.00000000001,38864.51050114532,2900.4894988546876
33347,58006.99999999995,81786.40093279976,23779.400932799814
3335,104015.00000000009,125530.76660585149,21515.7666058514
33402,43216.99999999998,60867.03175633026,17650.03175633028
33430,73089.00000000006,57533.06853170216,15555.931468297895
33433,34871.99999999999,39673.978287588514,4801.978287588521
33462,81209.99999999994,113817.27582646825,32607.275826468307
33485,92812.00000000007,71768.83900726073,21043.160992739344
33499,32484.000000000022,43171.920911513385,10687.920911513364
33518,52206.99999999997,34615.654703363354,17591.345296636617
33530,69609.0,58723.354949542205,10885.645050457795
33546,103716.99999999991,86227.58835127183,17489.411648728084
3358,97514.00000000009,110982.790354521,13468.790354520912
33597,291832.99999999977,81885.16404585748,209947.83595414227
3360,19502.99999999998,110801.737417067,91298.73741706701
33608,299999.99999999977,239255.27709259046,60744.722907409305
33626,84000.00000000003,166975.93421283076,82975.93421283073
33637,299999.99999999977,123453.44598135569,176546.5540186441
33648,62893.0,62688.800542529796,204.19945747020392
3367,100000.00000000004,106203.77024201493,6203.770242014885
33721,110214.00000000007,71708.67184100731,38505.328158992765
33724,53376.00000000002,75033.959386052,21657.959386051974
3377,104015.00000000009,83492.16062120693,20522.839378793156
33774,16274.000000000013,25755.656956135186,9481.656956135173
33780,145000.00000000012,132115.7270459645,12884.272954035609
33796,170000.00000000012,189433.2036625106,19433.203662510496
33815,185309.99999999988,121016.00949953213,64293.99050046776
33826,127973.00000000009,116649.43577585497,11323.564224145113
33883,272283.0000000002,72986.41769628612,199296.58230371407
33888,399999.9999999999,176385.7734277915,223614.2265722084
33924,67652.99999999996,133548.30037700423,65895.30037700427
3393,12068.999999999993,14785.264467899491,2716.2644678994984
33962,22099.999999999993,28306.473377622846,6206.473377622853
3397,80254.00000000001,111859.94774437648,31605.947744376463
33972,27843.99999999999,27053.098820253694,790.9011797462954
33976,12291.000000000005,22472.699455159498,10181.699455159493
33985,56908.00000000002,51867.10893741393,5040.891062586095
33990,109438.00000000009,162545.94628897132,53107.94628897123
33992,44014.99999999998,46027.03235842395,2012.032358423974
34000,140999.99999999994,114668.18538335536,26331.81461664458
34017,38205.999999999985,38884.39156281569,678.3915628157047
3406,162522.99999999994,141119.57421047156,21403.42578952838
34073,13949.000000000002,29256.014129678737,15307.014129678735
34097,41179.999999999985,62444.70817158452,21264.708171584534
34098,150587.99999999988,99812.60619427303,50775.39380572685
3410,11464.0,30869.890359422636,19405.890359422636
34102,124999.9999999999,107179.17530822403,17820.824691775866
3411,116240.00000000009,36173.77073870646,80066.22926129363
34122,52410.99999999998,50359.740043431666,2051.259956568312
34125,111428.00000000003,83679.4976302286,27748.502369771435
3414,31324.00000000001,28386.33551879727,2937.6644812027407
34151,68530.00000000006,42169.310407812205,26360.689592187853
34168,60328.00000000003,69189.69751213201,8861.697512131985
342,127616.0000000001,94652.73602663491,32963.26397336519
3421,90353.00000000003,77940.22021326219,12412.77978673784
3422,84512.0,93416.22372278791,8904.223722787909
34223,92812.00000000007,66456.9107197947,26355.08928020537
34224,249999.9999999998,157720.5460060181,92279.4539939817
34247,81209.99999999994,86899.34842076845,5689.348420768511
34258,58119.999999999985,34615.06505167624,23504.934948323746
34260,69609.0,68273.8239919846,1335.1760080154054
3427,62768.99999999998,44621.25797228452,18147.74202771546
34275,85401.00000000007,78133.80701280326,7267.192987196817
3428,107077.99999999991,60162.603271021115,46915.3967289788
34280,44086.0,50740.41501534256,6654.415015342558
34281,167389.99999999988,184505.6552857349,17115.655285735003
3429,199999.99999999997,221779.48344896396,21779.48344896399
34296,68290.99999999996,105350.32307457086,37059.3230745709
34300,202177.00000000017,115010.2772648496,87166.72273515057
34312,97451.99999999997,73709.08003828267,23742.9199617173
34326,46405.99999999998,50210.16408169169,3804.1640816917134
34329,50495.999999999985,39101.17505469808,11394.824945301909
34333,116014.99999999991,145651.21847068096,29636.21847068105
34342,84691.00000000001,74225.87214017133,10465.127859828688
3436,10461.99999999999,26838.25889056241,16376.25889056242
34379,60037.99999999997,86691.00749381936,26653.007493819387
34383,59166.99999999997,70989.37113546509,11822.371135465117
344,70994.00000000003,73360.3850556825,2366.3850556824764
3440,199999.99999999997,128202.60488138639,71797.39511861358
3441,100000.00000000004,144745.6270749303,44745.62707493025
34422,109357.00000000004,107378.06849839394,1978.931501606101
34448,10313.000000000002,15598.33150769269,5285.331507692688
3447,51816.00000000002,47616.8975289135,4199.102471086524
34470,67289.00000000001,59798.10939616539,7490.890603834625
34483,83531.00000000003,50118.932030973156,33412.06796902687
34494,108710.00000000009,72493.76987054737,36216.23012945271
34495,16338.000000000011,26571.459917444176,10233.459917444165
34507,147071.0000000001,96579.89170891527,50491.10829108482
34511,15592.000000000002,20126.616400452825,4534.616400452824
34516,72644.00000000003,56519.69374264532,16124.306257354707
34517,123993.0000000001,160987.07279509693,36994.07279509683
34520,23719.999999999993,31962.183558396515,8242.183558396522
34549,52206.99999999997,80389.54949898423,28182.549498984255
34564,51767.000000000015,47319.09687151666,4447.9031284833545
34597,84808.00000000003,50570.77820530022,34237.221794699806
3460,75409.99999999997,107706.59613487533,32296.596134875363
3464,40605.000000000015,48569.07126606015,7964.071266060135
34643,92812.00000000007,86792.91182946308,6019.0881705369975
34653,103702.00000000003,77656.86311683207,26045.136883167957
34662,33943.99999999998,49300.994405300444,15356.994405300466
34685,77999.99999999994,96495.57370395474,18495.573703954797
34688,205000.0,138732.60654694002,66267.39345305998
34690,141720.00000000003,130783.90353099474,10936.096469005293
34698,249999.9999999998,157379.25235156974,92620.74764843006
34705,41532.99999999997,35532.509806884525,6000.490193115445
3471,110214.00000000007,100529.19281101016,9684.807188989915
34711,66666.00000000003,55514.038157309114,11151.961842690915
34716,95298.99999999993,97119.24449969482,1820.2444996948907
34719,104999.99999999997,143950.82571830053,38950.82571830056
34722,70305.00000000003,68634.38769265242,1670.6123073476047
34724,124999.9999999999,136796.38400604247,11796.384006042572
34728,249999.9999999998,165223.58878071507,84776.41121928472
34742,83531.00000000003,71080.69577215887,12450.30422784116
34745,58006.99999999995,81278.57741803622,23271.57741803627
34751,98243.99999999997,70175.07210368857,28068.927896311405
34755,101000.00000000003,92489.17686051701,8510.823139483022
3476,35999.99999999998,56757.54370112773,20757.543701127754
34768,50371.99999999997,48842.27428774629,1529.725712253683
34791,23678.999999999985,17124.791591106547,6554.208408893439
34808,96291.99999999991,109539.983917271,13247.983917271093
34809,41765.00000000001,65907.3676821702,24142.36768217019
34811,155000.00000000012,167490.91338096766,12490.91338096754
34819,112000.00000000004,144508.2662949793,32508.266294979243
34821,134999.99999999997,113537.15914209228,21462.840857907693
34828,109999.99999999991,117462.2156016109,7462.21560161098
34839,36893.000000000015,61425.04822913893,24532.048229138913
34849,52000.000000000044,70130.60349174579,18130.603491745744
34852,66845.00000000001,33337.21648917466,33507.78351082536
34864,47334.000000000015,75869.25971593037,28535.259715930355
34865,127616.0000000001,136423.15488384975,8807.154883849653
3487,81367.99999999997,47874.417768757936,33493.582231242035
34870,104413.00000000009,76037.25074487372,28375.74925512637
34874,104413.00000000009,100222.84306391444,4190.156936085652
34886,17435.999999999993,21277.851821067157,3841.8518210671646
34897,69609.0,68933.37283352128,675.62716647872
34917,115720.00000000007,97899.65332088406,17820.346679116017
3493,123518.00000000003,84685.29785383711,38832.70214616292
34941,87011.00000000001,74452.15087266258,12558.849127337438
34973,20882.99999999999,23385.05266449884,2502.0526644988495
34983,10921.999999999995,16000.15303016841,5078.153030168416
34993,108000.00000000001,145068.3467578455,37068.34675784547
34997,299999.99999999977,274595.9736265185,25404.02637348126
350,163369.99999999988,95669.33234947461,67700.66765052527
35006,54610.99999999997,51993.185947977014,2617.814052022957
35022,170000.00000000012,120056.39401790957,49943.60598209055
35035,70793.99999999994,139274.70421592813,68480.70421592818
35039,75409.99999999997,59412.34591339146,15997.654086608512
3504,134999.99999999997,79285.03682907071,55714.96317092926
35041,67399.99999999996,77072.9890548006,9672.989054800637
35053,190598.00000000012,119800.99258320565,70797.00741679447
35056,120000.00000000004,183721.91138201498,63721.911382014936
35061,94846.00000000006,98435.96517045672,3589.965170456664
35074,104413.00000000009,101500.62816002242,2912.37183997767
35078,54294.999999999985,54019.070298884115,275.92970111587056
35082,139999.9999999999,141095.5887997175,1095.5887997175741
35096,92812.00000000007,76317.10182062475,16494.89817937532
35099,240000.00000000003,232132.19542962103,7867.804570378998
351,81209.99999999994,84146.99987414794,2936.999874147994
35103,13099.0,20741.50345512383,7642.503455123831
35114,197224.99999999994,184108.04949243466,13116.950507565285
35120,190598.00000000012,98510.11341658549,92087.88658341463
35123,145000.00000000012,220083.0803656777,75083.0803656776
35125,91829.0,50190.21477698032,41638.78522301968
3513,18011.000000000004,104339.74977052084,86328.74977052084
35144,259999.9999999998,154074.92574832923,105925.07425167056
35170,97500.0,72868.02394452154,24631.97605547846
35204,58006.99999999995,59113.829353282534,1106.8293532825846
3521,118334.99999999994,146967.3564414237,28632.356441423763
35220,34804.0,94964.93947465655,60160.93947465655
3525,299999.99999999977,243380.2830615622,56619.716938437574
35258,114999.99999999991,141226.49958605916,26226.499586059246
35275,180000.00000000003,162899.69680332099,17100.303196679044
35301,219999.99999999983,164282.49584013075,55717.50415986907
35302,170176.99999999988,83229.54800169283,86947.45199830705
35303,12624.000000000007,24973.71776337487,12349.717763374862
35313,25484.999999999985,33948.08272222515,8463.082722225161
35327,245054.99999999994,138499.50893513058,106555.49106486936
35335,139999.9999999999,168111.4256592021,28111.425659202185
3534,78889.99999999996,86346.89317882468,7456.893178824728
35340,55000.00000000004,30190.261528787938,24809.7384712121
35344,104413.00000000009,104827.74672271199,414.746722711905
3536,20057.000000000015,18617.37597861119,1439.6240213888232
35388,94712.00000000006,93949.12704429548,762.8729557045735
35394,39444.99999999998,38998.73347413945,446.2665258605266
35399,83203.00000000003,87034.31825833523,3831.3182583352027
35411,148000.00000000015,156726.48058843336,8726.480588433216
35420,63807.999999999985,67621.46658985491,3813.4665898549283
35432,70000.00000000001,107656.1282095615,37656.12820956149
35438,30221.99999999998,34445.58173463656,4223.581734636577
3544,136141.0000000001,124758.02182754321,11382.978172456875
35465,82709.00000000006,77896.01892942279,4812.981070577269
35471,43688.999999999985,27699.134471176258,15989.865528823728
35489,58006.99999999995,52142.79310659416,5864.20689340579
3549,399999.9999999999,189762.85133129582,210237.14866870406
35494,116014.99999999991,87894.43021444953,28120.569785550382
35495,100005.00000000004,115483.18842456119,15478.188424561144
35520,17402.000000000007,22786.69475213939,5384.694752139381
35532,134973.0,81515.83324479547,53457.166755204526
35542,165000.00000000015,186121.16028549997,21121.16028549982
35580,91198.00000000007,111668.17772726635,20470.177727266273
35582,130000.00000000009,149779.86907760764,19779.869077607553
35583,69609.0,132326.58695804776,62717.58695804776
35590,40605.000000000015,77395.74275704639,36790.74275704638
35592,23347.000000000022,64705.85913987592,41358.8591398759
35595,139999.9999999999,109887.44847981019,30112.55152018972
35599,104413.00000000009,83460.28256235638,20952.717437643703
35600,85769.00000000004,151081.40454108996,65312.40454108991
3563,180000.00000000003,135695.66801960053,44304.3319803995
35646,175000.00000000012,139157.77425568196,35842.22574431816
3565,68448.99999999996,39846.8031010514,28602.196898948554
35675,182037.00000000012,13298.198071268262,168738.80192873185
35676,150000.00000000006,197818.14774027903,47818.147740278975
35682,39006.0,51364.283468022906,12358.283468022906
35685,230000.0000000001,145992.4027744584,84007.59722554169
3569,134999.99999999997,149571.0949776895,14571.094977689529
35690,70000.00000000001,52589.21977688495,17410.780223115064
35705,54212.000000000015,57421.731372712646,3209.731372712631
35731,74760.99999999996,73364.57487144579,1396.4251285541686
35733,110515.99999999996,113263.08818158579,2747.08818158583
35734,69271.0,59589.28634237747,9681.713657622531
35736,123518.00000000003,80238.34715416083,43279.6528458392
35742,180000.00000000003,132107.48235786744,47892.51764213259
35745,61999.99999999997,125383.32647979812,63383.326479798154
35752,96033.00000000007,82662.98692346732,13370.013076532749
35760,109999.99999999991,170042.02493225774,60042.02493225783
35761,180000.00000000003,184586.93722116365,4586.937221163622
35787,68071.00000000004,86345.66090118162,18274.660901181574
35813,10908.0,52643.95401957551,41735.95401957551
35815,136391.99999999994,168857.17229409597,32465.17229409603
35817,36846.999999999985,64711.130182983645,27864.13018298366
3582,81870.00000000004,86024.93657956625,4154.9365795662015
35828,150000.00000000006,139493.7989970132,10506.201002986869
35837,41765.00000000001,76580.20796614332,34815.207966143316
35849,81209.99999999994,86980.74127092256,5770.741270922619
35851,174021.99999999988,76803.12941426388,97218.870585736
35855,89426.99999999994,73273.62662704187,16153.37337295807
35857,125930.99999999996,131288.5227315063,5357.5227315063385
3586,58006.99999999995,105072.9514780115,47065.95147801155
35870,39444.99999999998,48800.02906110671,9355.029061106732
35874,153834.99999999994,109279.97107361176,44555.028926388186
35887,58182.99999999997,70354.37061248488,12171.370612484912
35895,75409.99999999997,46092.73539851758,29317.26460148239
35898,21599.999999999993,26802.612321802022,5202.612321802029
35907,40483.00000000002,67247.88215844714,26764.882158447122
3591,58006.99999999995,102767.10608506824,44760.10608506829
35920,26682.999999999975,30585.123251649246,3902.123251649271
35924,27802.00000000001,36394.976399043,8592.97639904299
35942,83531.00000000003,76974.5215840687,6556.478415931328
35948,49886.00000000002,45733.36570088547,4152.63429911455
3595,47566.000000000015,73096.74231553086,25530.74231553085
35953,92812.00000000007,77802.62644099447,15009.373559005602
35961,53291.999999999985,75585.96887870003,22293.96887870005
35966,68071.00000000004,90933.9881442296,22862.98814422956
35970,31904.000000000022,36397.39886955143,4493.398869551405
35974,16274.000000000013,20597.319561263666,4323.319561263654
35982,63807.999999999985,76544.35338391727,12736.353383917289
35986,41846.00000000003,81848.29800596173,40002.2980059617
35987,155521.00000000012,129689.89720316506,25831.102796835054
35990,55726.99999999996,32583.92011310942,23143.079886890544
36003,49886.00000000002,46632.985760075135,3253.014239924887
36028,68553.00000000001,53931.72625619966,14621.273743800353
36041,60000.000000000015,52628.248190351005,7371.751809649009
36044,29178.999999999996,55053.874791372895,25874.8747913729
36053,137502.9999999999,133405.73039591036,4097.2696040895535
36077,40605.000000000015,59130.334656646046,18525.33465664603
36078,87763.0,79810.93693890766,7952.06306109234
3608,32763.999999999985,70303.74787555143,37539.747875551446
36087,20024.000000000015,33280.58574322793,13256.585743227915
36088,59202.0,43443.667802829346,15758.332197170654
3609,96291.99999999991,81416.91769796117,14875.082302038747
3610,132671.99999999988,115037.42783868105,17634.572161318836
36100,129333.99999999996,101934.43282412912,27399.567175870834
3611,92812.00000000007,73450.32354864918,19361.676451350897
36117,127616.0000000001,85162.62205312435,42453.37794687576
36128,52206.99999999997,51989.09348099911,217.90651900086232
36131,31999.999999999993,33544.631777764684,1544.631777764691
36132,16241.999999999995,21846.93202105163,5604.932021051636
36134,98494.00000000003,93555.1437132609,4938.85628673913
36161,43330.99999999996,73636.47310216633,30305.47310216637
36168,37325.00000000003,87321.07032754339,49996.07032754336
3618,68448.99999999996,63280.45032472467,5168.549675275288
36197,81685.0,86941.1478784755,5256.147878475502
362,150000.00000000006,162052.01819333874,12052.018193338678
36200,162736.0000000001,48965.46586944075,113770.53413055933
36229,60328.00000000003,90562.57818846828,30234.57818846825
36247,104413.00000000009,82031.88360016026,22381.116399839826
36257,62647.99999999997,55645.346433237595,7002.653566762376
3626,64592.00000000004,107961.96563415923,43369.9656341592
36275,26003.999999999985,52064.72415644782,26060.72415644783
36280,58006.99999999995,60056.84921087773,2049.849210877779
36284,111374.0000000001,124843.14001528904,13469.14001528894
36286,59166.99999999997,73808.83855939696,14641.838559396987
36287,41999.99999999999,53219.97813308457,11219.97813308458
36292,139999.9999999999,202403.9631035211,62403.96310352118
36296,43564.99999999997,36202.55006274057,7362.4499372594
36301,63120.00000000005,59576.90654769306,3543.093452306988
36309,69609.0,78239.61215018138,8630.612150181376
36316,62893.0,78443.73812233079,15550.73812233079
36318,73089.00000000006,74321.7741796751,1232.7741796750488
36349,91928.00000000003,60832.293244376866,31095.706755623163
3635,83571.00000000006,46509.30721773319,37061.692782266866
36353,37134.99999999999,38474.30606589912,1339.3060658991308
36354,64383.99999999995,63677.08408807038,706.9159119295655
3637,162420.99999999988,118760.060462284,43660.93953771588
36397,231441.00000000017,114064.1886369561,117376.81136304408
36401,20000.000000000015,141719.1592511507,121719.15925115069
3641,11623.999999999998,18064.070807078504,6440.070807078506
36423,92812.00000000007,76047.6418799308,16764.35812006927
36430,23202.99999999999,31562.28123180178,8359.28123180179
36431,156620.00000000003,106309.8536339206,50310.146366079425
36435,39319.99999999997,52932.937033691036,13612.937033691065
36443,30221.99999999998,52127.42338348613,21905.423383486148
36463,74842.99999999996,63756.5670009541,11086.432999045857
36473,134999.99999999997,169880.45693860162,34880.45693860165
36478,48882.000000000044,101791.60458925088,52909.60458925084
36479,15662.00000000001,29799.158737837213,14137.158737837204
36489,39444.99999999998,55240.427938042994,15795.427938043016
3649,225000.00000000015,206438.87952225676,18561.12047774339
36499,49122.000000000015,53658.851565447636,4536.851565447621
36506,95000.00000000001,157349.30921417635,62349.30921417633
36525,219999.99999999983,137707.81262720554,82292.18737279429
3654,81209.99999999994,76376.12039654239,4833.87960345755
36546,58006.99999999995,49181.41399364219,8825.586006357757
36552,178999.99999999994,165114.07215049752,13885.92784950242
36556,61999.99999999997,112557.97945839936,50557.97945839939
36561,237000.00000000003,163267.14448858594,73732.85551141409
36571,45245.99999999997,34583.41177375384,10662.588226246131
36572,116014.99999999991,75474.44551985699,40540.55448014292
36588,150000.00000000006,138065.81662636975,11934.183373630309
36591,16966.999999999985,28184.855105394698,11217.855105394712
36592,46405.99999999998,82861.82074202764,36455.82074202767
36614,150000.00000000006,163208.1228363838,13208.122836383729
36617,29004.00000000001,18777.713087273954,10226.286912726056
36638,126340.00000000004,87905.27754745306,38434.72245254698
36649,12273.000000000007,23944.567515450657,11671.56751545065
36687,100285.00000000003,138612.70003881637,38327.70003881634
36693,76097.00000000003,50312.63751091971,25784.36248908032
36701,133417.0,72352.3151848475,61064.684815152505
36714,87550.00000000007,62741.97849953152,24808.021500468552
36718,364999.99999999977,196926.70165111043,168073.29834888934
36727,225000.00000000015,150675.44733736024,74324.55266263991
3673,27420.00000000001,34779.36346521291,7359.3634652129
36734,63807.999999999985,46955.55277698287,16852.447223017116
36748,240000.00000000003,185169.37653238236,54830.62346761767
36749,130018.99999999999,124288.53162361821,5730.468376381774
36764,118316.99999999991,119679.61483968182,1362.6148396819044
36777,57223.99999999998,59558.90974738026,2334.909747380283
3678,67289.00000000001,58179.68902637796,9109.310973622058
36780,41999.99999999999,206756.7343263448,164756.7343263448
36782,40000.0,80343.84941977555,40343.84941977555
36785,72153.99999999997,77999.36003520055,5845.360035200574
36789,42165.00000000002,52649.269115030394,10484.269115030373
36792,120000.00000000004,72029.32030625686,47970.67969374318
36826,230000.0000000001,191850.28773169382,38149.71226830626
3684,58119.999999999985,39868.79374896906,18251.206251030926
36841,15111.000000000013,25482.178503484596,10371.178503484583
36853,185982.99999999988,52192.19233044026,133790.8076695596
36856,219999.99999999983,192440.57407971265,27559.425920287176
36864,52927.99999999996,39933.7349003953,12994.265099604665
36873,121815.0000000001,77825.7742094693,43989.22579053081
36884,24838.000000000022,38171.505085998775,13333.505085998753
36887,73374.99999999996,68831.05832461643,4543.941675383525
3689,150819.0000000001,91052.94555953032,59766.05444046977
36901,94846.00000000006,92662.86538701758,2183.1346129824815
36902,70000.00000000001,57828.953605051254,12171.04639494876
3691,78382.00000000003,73215.31884946524,5166.681150534787
36919,66128.00000000006,60524.019732328365,5603.980267671694
36921,58586.999999999956,66249.53442757158,7662.53442757162
36929,46405.99999999998,65883.33240478297,19477.33240478299
3693,48726.000000000044,59039.82618798513,10313.826187985083
3697,63807.999999999985,71677.23956923661,7869.239569236626
36970,25651.99999999999,19826.869388893298,5825.1306111066915
36983,38776.99999999996,30881.379262277274,7895.620737722689
36990,116014.99999999991,99180.54656406319,16834.453435936724
36991,25248.00000000002,20979.492396036723,4268.507603963295
36992,45878.99999999999,69487.73789189465,23608.737891894656
36998,75817.00000000006,68815.44164302616,7001.558356973896
37002,27843.99999999999,50883.599274411084,23039.599274411095
37004,50691.00000000003,44720.07469741374,5970.925302586293
37006,48726.000000000044,80130.86393709407,31404.863937094022
37010,110515.99999999996,122234.25567775664,11718.255677756679
37017,25522.999999999996,51058.56442303209,25535.564423032094
37019,113765.99999999997,130760.82090445796,16994.820904457985
3702,74888.99999999999,78830.72001593106,3941.720015931074
37022,48726.000000000044,50379.282261726104,1653.2822617260608
37029,25573.000000000022,23821.83591521437,1751.1640847856506
37032,19721.99999999999,28182.753911612057,8460.753911612068
37042,46405.99999999998,72726.14978308706,26320.149783087087
37051,58006.99999999995,91525.48252788572,33518.48252788577
37052,79222.99999999993,85223.26954345508,6000.269543455157
37059,88945.00000000004,95255.59410986156,6310.594109861515
37066,94867.99999999991,140272.11856612042,45404.11856612051
37068,46337.000000000015,21427.875529838453,24909.12447016156
37069,26544.000000000004,24549.329479732947,1994.6705202670564
37072,58006.99999999995,63607.81928042405,5600.819280424104
37081,150000.00000000006,149496.9719951339,503.0280048661516
37082,46405.99999999998,62772.73980790846,16366.739807908481
37083,46405.99999999998,79958.11071887812,33552.11071887814
3709,46405.99999999998,51776.74325279869,5370.743252798711
37094,85850.99999999993,114269.15667426577,28418.156674265847
37102,97451.99999999997,68359.4644001172,29092.535599882773
37106,104015.00000000009,203434.45127666916,99419.45127666908
37113,74878.00000000001,152352.884160566,77474.88416056598
37117,84691.00000000001,64052.72212677236,20638.277873227657
3712,10461.99999999999,13136.414295814267,2674.4142958142766
37129,62032.0,56662.476200747624,5369.523799252376
37131,134999.99999999997,122201.97343079845,12798.026569201524
37136,22042.99999999998,26101.056963196395,4058.0569631964136
37140,46405.99999999998,56062.58743994327,9656.587439943294
37145,59962.00000000005,77492.76636356665,17530.766363566603
37148,249999.9999999998,192219.43380023335,57780.56619976644
37149,39444.99999999998,50672.90265997574,11227.902659975764
37159,28424.000000000015,37639.08052484254,9215.080524842524
37160,75733.99999999999,45356.22621321913,30377.773786780854
37185,197224.99999999994,84923.95155768166,112301.04844231828
37186,87011.00000000001,100165.55829282841,13154.558292828398
37196,38980.99999999996,57297.06384200375,18316.063842003787
37200,185623.00000000006,58454.55631930546,127168.44368069459
37210,36479.00000000003,36490.18039433543,11.180394335402525
37216,249999.9999999998,86784.02110202287,163215.97889797692
37230,299999.99999999977,223535.26743436363,76464.73256563614
37231,95999.99999999996,88774.68834599208,7225.311654007877
37237,50000.000000000015,48781.945723798235,1218.0542762017794
37238,60000.000000000015,36926.89687710236,23073.103122897657
3726,120000.00000000004,140431.6345689172,20431.634568917143
37261,110214.00000000007,110437.23115572706,223.2311557269859
37271,88170.99999999999,101240.78404349966,13069.784043499676
37272,127616.0000000001,110139.65887775598,17476.34112224412
37274,44217.00000000001,31934.793536889043,12282.206463110964
37280,46405.99999999998,40971.37464924197,5434.625350758011
37298,249999.9999999998,159976.01065839903,90023.98934160077
37308,210000.0,225490.39090624658,15490.390906246583
37311,107000.00000000003,89924.83563655158,17075.16436344845
37334,143832.0,125528.86397558515,18303.136024414853
37336,58006.99999999995,50790.68670887415,7216.3132911258
37338,46496.0,49834.9659343803,3338.9659343802996
37343,74878.00000000001,85096.17226040628,10218.172260406267
37345,52206.99999999997,58601.579487568604,6394.579487568633
37397,64999.999999999956,88099.31701958911,23099.317019589158
37408,244999.99999999997,210006.49857827413,34993.50142172584
37411,156000.0,102010.68192485752,53989.31807514248
37413,52206.99999999997,64854.99678257857,12647.9967825786
37416,33929.99999999999,76801.30034551275,42871.300345512755
37430,80000.0,75143.62996813704,4856.370031862956
37435,109999.99999999991,139351.07808832664,29351.07808832673
37442,192999.99999999985,191362.4947267327,1637.505273267161
3747,161191.00000000006,165853.798473388,4662.7984733879275
37477,139218.0000000001,90770.63588946938,48447.3641105307
37479,130000.00000000009,142934.72391469005,12934.723914689966
37485,69609.0,72934.1549649178,3325.154964917805
37498,129250.00000000004,124747.64317204512,4502.356827954922
37511,11623.999999999998,26229.37808132318,14605.37808132318
37526,65528.00000000006,66502.84302381641,974.8430238163564
3753,50118.0,75967.69146091965,25849.691460919654
37534,69609.0,99202.82207976139,29593.82207976139
37543,170000.00000000012,186868.6392731811,16868.639273180976
37555,150000.00000000006,169177.8407940278,19177.840794027754
37565,182000.00000000003,150204.79621501896,31795.203784981073
37599,85145.00000000006,65979.32709924795,19165.672900752106
37606,146585.0000000001,61638.5648448877,84946.43515511238
37624,69609.0,56020.83728218536,13588.162717814637
3763,81761.00000000004,58193.47897615593,23567.521023844114
37632,52000.000000000044,67756.01208368067,15756.01208368063
37636,139999.9999999999,162032.56690634217,22032.566906342254
37640,87550.00000000007,63513.98384667796,24036.01615332211
3766,47799.000000000044,64039.341135557544,16240.3411355575
37663,40605.000000000015,36755.00287539088,3849.9971246091372
3767,56378.99999999996,65812.2878152512,9433.287815251235
37681,159999.99999999997,125703.10899308127,34296.8910069187
37686,165000.00000000015,137840.75837887402,27159.24162112613
37693,40000.0,75542.41549275113,35542.415492751126
37710,60037.99999999997,62438.37451839108,2400.3745183911087
37727,197000.00000000015,197573.5928657034,573.5928657032491
37749,85534.00000000001,72116.04819084046,13417.951809159553
378,30296.999999999993,50441.85502324315,20144.85502324316
37802,34122.000000000015,87120.64353357753,52998.64353357752
37878,74120.00000000004,119214.01865137691,45094.01865137687
37886,87550.00000000007,79066.48022602493,8483.519773975146
37892,67289.00000000001,63743.7229908052,3545.2770091948114
37897,42256.00000000004,68887.89734096239,26631.89734096235
37913,47357.99999999998,42109.75410804265,5248.2458919573255
37915,98243.99999999997,39200.36926690679,59043.63073309318
37925,11623.999999999998,20885.595725268275,9261.595725268277
3796,117793.00000000007,103208.00099165435,14584.999008345723
37977,80640.00000000001,76186.0107459576,4453.989254042419
38000,28799.999999999985,35510.993563169315,6710.99356316933
38015,69609.0,60177.35518749208,9431.644812507919
3803,65257.99999999996,97771.36772162096,32513.367721620998
38030,30326.999999999985,63447.10345918134,33120.10345918135
38056,29060.0,23317.658873864875,5742.341126135125
38065,85534.00000000001,74398.44982348298,11135.550176517034
3807,11600.999999999993,22405.689066395393,10804.6890663954
38093,122975.99999999994,62139.6106036635,60836.38939633644
38099,139218.0000000001,101659.5717296717,37558.42827032838
38102,116014.99999999991,69117.59602574159,46897.403974258326
38110,85850.99999999993,66017.61533190566,19833.384668094266
38128,29060.0,24700.055660780014,4359.944339219986
38133,136141.0000000001,143708.12244692637,7567.122446926282
38153,63807.999999999985,59973.96301132934,3834.0369886706467
38155,75409.99999999997,144278.97947527107,68868.9794752711
3817,31121.99999999999,44124.42981804351,13002.429818043518
38173,35999.99999999998,42320.40927176599,6320.40927176601
38181,189999.9999999999,157253.01906296852,32746.98093703139
38182,136141.0000000001,114089.0644612922,22051.935538707883
38194,371978.99999999994,323077.2017846436,48901.798215356364
38215,151000.00000000006,113988.54899081527,37011.45100918479
38225,104821.99999999997,111525.61851025299,6703.618510253014
38232,175000.00000000012,165142.73082428882,9857.269175711292
38259,48726.000000000044,46464.30309368192,2261.696906318124
38263,139218.0000000001,125033.30260185247,14184.697398147619
38284,35821.99999999997,60000.08632333955,24178.08632333958
38295,41765.00000000001,39214.66362453382,2550.336375466184
3830,168221.0,110045.27191276537,58175.72808723463
38304,63807.999999999985,71833.59913998282,8025.5991399828345
38316,84408.0,69267.32014764397,15140.679852356028
38326,99773.00000000004,115438.80690294142,15665.806902941375
3835,74133.00000000006,39456.19314736866,34676.806852631395
38353,14999.99999999999,82195.51107538184,67195.51107538186
38358,102092.99999999999,85289.37515429335,16803.62484570664
38378,138000.00000000006,130370.71552014776,7629.2844798523
38380,88242.99999999993,100676.64311769628,12433.643117696352
38382,139999.9999999999,156490.59997087356,16490.59997087365
38383,123993.0000000001,152665.78005264903,28672.78005264893
3840,139218.0000000001,66960.36735683083,72257.63264316926
38416,60328.00000000003,96883.47966920804,36555.47966920801
38437,121815.0000000001,104223.92070771527,17591.079292284834
38459,139999.9999999999,111507.28264460349,28492.717355396424
3846,29004.00000000001,37091.4843707053,8087.48437070529
38465,32766.999999999985,24751.71734432496,8015.282655675026
38475,73836.00000000006,56499.56225721893,17336.437742781127
3848,147570.9999999999,112849.45764635153,34721.54235364839
38503,81685.0,108885.78398045397,27200.78398045397
38508,41765.00000000001,52645.771287637115,10880.771287637108
38515,58006.99999999995,57890.17445966764,116.82554033230554
38516,25573.000000000022,26985.668711345726,1412.6687113457047
38547,83173.00000000001,59925.55774753119,23247.442252468827
3855,62835.999999999985,30941.217111595917,31894.78288840407
38551,195000.00000000006,165508.2435488888,29491.756451111258
38557,56604.00000000002,86680.29740855125,30076.297408551232
38607,130000.00000000009,98315.62157376767,31684.37842623242
38610,21843.999999999993,36166.839658993675,14322.839658993682
38619,168221.0,151689.2034805342,16531.796519465803
38634,16373.999999999985,24708.047873663698,8334.047873663712
3864,104413.00000000009,89778.17983148506,14634.820168515027
38643,30221.99999999998,17457.921317539298,12764.078682460684
38651,182842.9999999999,81572.45191295896,101270.54808704095
38673,379999.9999999999,227399.80189251044,152600.19810748944
38679,109999.99999999991,180415.79333222448,70415.79333222457
38693,44550.00000000002,63385.26932605402,18835.269326053996
38701,176984.00000000006,116143.32786404736,60840.6721359527
38725,100000.00000000004,134332.47971572392,34332.47971572388
38750,59932.999999999985,61003.05853969664,1070.0585396966562
38772,87327.99999999996,56501.95594139985,30826.044058600106
38777,80500.00000000001,77636.35217203504,2863.6478279649746
38785,185623.00000000006,129100.28316519388,56522.71683480618
38786,66257.00000000006,36221.73948845332,30035.260511546738
3879,30296.999999999993,45695.07300600441,15398.073006004415
38794,46496.0,59507.38487437596,13011.384874375959
38795,90000.00000000001,42139.30166627955,47860.698333720466
388,134999.99999999997,157347.18726783083,22347.187267830857
38800,112306.99999999999,83856.99640250544,28450.00359749455
38813,162000.00000000012,142801.16302204411,19198.836977956
38834,124999.9999999999,121803.97413276687,3196.0258672330237
38861,109438.00000000009,117725.36745212648,8287.36745212639
3887,70440.0,55525.13640217656,14914.863597823438
38880,81000.00000000007,105572.72491801836,24572.724918018284
38889,36407.00000000001,42733.44266067133,6326.442660671324
38906,63807.999999999985,64639.63234911038,831.6323491103976
38913,63807.999999999985,52801.49302701983,11006.506972980154
3895,46405.99999999998,59869.66978241997,13463.669782419995
38954,219999.99999999983,172518.19136527402,47481.80863472581
3897,156022.00000000006,84012.6906997472,72009.30930025286
38993,159999.99999999997,198313.76922372088,38313.76922372091
38996,145000.00000000012,170267.7980207352,25267.798020735092
39003,127616.0000000001,98561.9461688034,29054.053831196696
39004,290037.00000000023,125111.2580188945,164925.74198110573
39025,21810.999999999985,24304.84555202713,2493.8455520271455
3905,63807.999999999985,81319.79145905786,17511.791459057873
39071,28216.00000000001,59032.918592191636,30816.918592191625
3908,70793.99999999994,63831.236673131905,6962.7633268680365
39086,198389.00000000003,284738.5133110737,86349.51331107368
39088,111374.0000000001,67039.75775445676,44334.24224554334
3909,127616.0000000001,91649.44071953734,35966.55928046277
39101,145916.99999999988,130940.13419778392,14976.865802215965
3912,69609.0,87999.61069594229,18390.61069594229
39129,17687.000000000007,21850.443825676477,4163.44382567647
39142,28917.000000000004,39808.2525370766,10891.252537076598
39155,174021.99999999988,132595.5377861294,41426.46221387049
39157,135999.99999999997,120623.17875006695,15376.821249933026
39182,79062.00000000007,67908.0014618992,11153.998538100874
39188,104413.00000000009,98631.5126139442,5781.487386055887
39217,189999.9999999999,183152.40247323544,6847.597526764468
39230,185000.00000000006,161348.60653046385,23651.39346953621
39248,50465.999999999985,39053.662343095515,11412.33765690447
39264,104999.99999999997,102473.21160134257,2526.7883986574016
39275,217000.00000000012,232655.71325377675,15655.71325377663
3930,110214.00000000007,73024.1821905704,37189.817809429675
39301,68071.00000000004,77356.77324142237,9285.773241422328
39324,20024.000000000015,22624.30677647829,2600.3067764782754
39327,104999.99999999997,137751.2171767296,32751.21717672964
39340,60000.000000000015,117449.95256053576,57449.95256053575
39359,162999.99999999988,169944.10740372504,6944.107403725153
39363,399999.9999999999,55392.341345081586,344607.6586549183
39364,270000.00000000006,208084.9093317004,61915.09066829967
39385,69642.99999999999,83993.70551351199,14350.705513512003
39417,57516.0,44791.66592974853,12724.334070251469
39463,47855.99999999999,58583.54545095687,10727.54545095688
39470,64967.999999999956,41186.20785767945,23781.792142320504
39495,52206.99999999997,125913.06201805423,73706.06201805426
39519,63807.999999999985,73971.18933913342,10163.18933913343
39529,174021.99999999988,112350.53055059773,61671.46944940215
39533,64932.999999999956,76686.3617877407,11753.361787740738
39539,58006.99999999995,88829.10751156563,30822.10751156568
39548,123993.0000000001,159435.95271331284,35442.95271331274
3956,89129.00000000004,91666.0445509255,2537.0445509254496
39592,27897.999999999978,23896.914487775128,4001.0855122248504
396,52206.99999999997,81447.53619143197,29240.536191431995
39604,47334.000000000015,39308.55740164767,8025.442598352347
39613,162363.0000000001,114516.81597708625,47846.18402291383
39629,86136.99999999997,106182.40777715668,20045.40777715671
39642,150819.0000000001,78580.32628580353,72238.67371419656
3965,60000.000000000015,27384.26516595715,32615.734834042865
3967,63120.00000000005,48878.55401640699,14241.445983593061
3969,46405.99999999998,70407.78595364775,24001.78595364777
39701,64967.999999999956,90898.26582178986,25930.2658217899
39711,87011.00000000001,107071.68897157957,20060.688971579555
39718,63227.99999999996,82256.88878580781,19028.888785807845
39719,20923.00000000002,23379.881925005953,2456.881925005935
39744,13949.000000000002,21597.231893359545,7648.231893359543
39754,29004.00000000001,34941.99663949983,5937.9966394998155
39759,68071.00000000004,111476.13795541099,43405.137955410944
39769,60328.00000000003,76121.70421151306,15793.704211513032
39776,44781.99999999996,38286.13619856714,6495.863801432824
39807,73292.00000000003,45509.11910254016,27782.880897459872
39810,41846.00000000003,16500.020130871588,25345.97986912844
3983,66128.00000000006,66171.36278581173,43.36278581166698
39859,64967.999999999956,91088.70640379486,26120.706403794902
3986,41639.99999999998,35321.39150580214,6318.608494197841
39890,46287.99999999999,54416.92978013704,8128.9297801370485
39891,64967.999999999956,44323.24606534483,20644.753934655128
39902,84408.0,75792.37235839723,8615.627641602769
39912,89853.00000000004,83402.89463352766,6450.105366472388
39915,68581.00000000001,64005.18754614717,4575.812453852843
39917,78011.0,111806.17297137952,33795.17297137952
3993,37125.000000000015,30986.072784802527,6138.927215197487
39932,167000.0000000001,250829.83082938084,83829.83082938075
39943,199999.99999999997,101106.17417451965,98893.82582548032
39950,68071.00000000004,82903.33018487036,14832.330184870312
3996,156000.0,141356.03740004468,14643.962599955325
39962,125533.99999999996,87213.61647465722,38320.38352534274
39976,100000.00000000004,166676.1989036897,66676.19890368967
4,36197.0,30631.818489565834,5565.181510434166
400,98611.99999999996,84240.62532923801,14371.374670761943
40002,100000.00000000004,113945.76941461489,13945.769414614842
40008,46288.99999999998,52058.697182698495,5769.697182698517
4003,106190.00000000004,127345.71391498369,21155.713914983644
40035,43350.00000000002,86059.14871245009,42709.14871245006
40036,29060.0,31519.65937260471,2459.6593726047104
40050,189999.9999999999,148660.6714092117,41339.32859078821
40052,87011.00000000001,98005.8804068304,10994.880406830387
40053,73000.00000000003,85759.39521225581,12759.395212255782
40064,24812.999999999996,21810.73329676201,3002.266703237987
40067,104413.00000000009,110082.73376401987,5669.73376401978
40079,51598.00000000002,60477.678407333005,8879.678407332984
40092,175000.00000000012,157241.9394960012,17758.060503998917
40098,93500.00000000009,161745.45708593327,68245.45708593319
4011,150819.0000000001,173869.90297301929,23050.902973019198
40113,24501.999999999996,20147.6377231138,4354.362276886197
40114,42285.00000000004,124042.87361995246,81757.87361995241
40119,103252.99999999996,103827.15139820347,574.1513982035103
40125,249999.9999999998,196162.6682358687,53837.331764131086
40134,159999.99999999997,164876.6119393181,4876.611939318129
40147,48726.000000000044,56230.601697671635,7504.601697671591
4015,13949.000000000002,21249.946596938247,7300.946596938245
40151,90491.00000000006,110953.26289396106,20462.262893961
40152,51734.000000000044,72766.0055993906,21032.005599390555
40156,40934.99999999996,112921.51395198423,71986.51395198426
4016,198389.00000000003,179700.34859920476,18688.651400795265
40170,14843.999999999995,23499.97937426068,8655.979374260687
40183,46405.99999999998,52268.97886227386,5862.978862273885
40188,50371.99999999997,94510.38046111073,44138.38046111076
40208,90000.00000000001,150567.89526752054,60567.89526752052
4021,130018.99999999999,122742.16376820992,7276.836231790061
40211,149658.9999999999,101508.52965773267,48150.47034226725
40233,96291.99999999991,77274.39909015784,19017.600909842076
40237,180000.00000000003,185588.63678275995,5588.636782759917
40254,58006.99999999995,91981.47639080412,33974.47639080417
40255,145018.00000000012,156111.5725191915,11093.572519191395
40273,50000.000000000015,28651.076811624436,21348.92318837558
40275,50000.000000000015,60581.423979517356,10581.423979517342
40281,67289.00000000001,63571.78694246838,3717.2130575316332
40283,43853.99999999998,81216.53496981412,37362.53496981414
40294,201488.99999999988,95514.99939416419,105974.0006058357
40317,46405.99999999998,71286.92103250272,24880.921032502745
40319,45963.99999999998,95595.50594980925,49631.50594980927
40322,35496.99999999997,37352.16075489909,1855.160754899116
40328,36479.00000000003,114632.42016150811,78153.42016150808
40330,139999.9999999999,187902.95790078415,47902.95790078424
40337,18562.000000000004,61925.71031202747,43363.71031202747
40347,65663.00000000003,56301.89590415228,9361.104095847746
40358,50371.99999999997,63190.34422264008,12818.34422264011
40365,142000.0,165580.81873938307,23580.818739383074
40370,87011.00000000001,99034.15323063375,12023.153230633732
40374,55000.00000000004,50181.76485218488,4818.235147815154
40375,75409.99999999997,60642.96944754306,14767.030552456912
4038,88170.99999999999,93024.66171444792,4853.661714447939
40381,34804.0,53675.944666061005,18871.944666061005
40386,249999.9999999998,202252.63443462606,47747.36556537374
40387,69609.0,91577.4838294329,21968.483829432895
40395,61264.00000000001,59217.266486603374,2046.7335133966335
40397,145916.99999999988,146789.07065160348,872.0706516036007
40398,30688.999999999975,87113.42468059478,56424.424680594806
40399,30919.99999999998,77946.29051557844,47026.290515578454
40406,197224.99999999994,131758.07342978462,65466.92657021532
40432,45233.99999999997,46449.50592534062,1215.5059253406507
40443,88049.99999999993,79942.98197742872,8107.01802257121
40460,100000.00000000004,68997.63811895931,31002.361881040735
40461,127999.99999999997,121094.81523519557,6905.184764804406
40472,120144.99999999991,78312.43383385593,41832.56616614398
40479,148247.99999999997,129140.9273393886,19107.072660611375
40489,29679.00000000001,43164.33294871643,13485.33294871642
40495,139218.0000000001,88057.18478293416,51160.81521706593
40497,109438.00000000009,109825.71108564353,387.7110856434447
405,173250.00000000012,174994.24754804376,1744.2475480436406
4050,46999.99999999999,80625.56150076377,33625.561500763775
40506,54456.99999999997,69660.13729065844,15203.137290658473
40517,34804.0,51497.089642737265,16693.089642737265
40541,249999.9999999998,195642.9600795376,54357.03992046221
40558,81685.0,124900.0357672208,43215.035767220805
40565,54526.99999999996,68897.11815682474,14370.118156824778
40576,218874.9999999999,144206.56675546826,74668.43324453165
4058,118666.00000000006,39470.73328396751,79195.26671603255
40584,199999.99999999997,245111.23676081875,45111.23676081878
40611,185000.00000000006,173535.49290329567,11464.507096704387
40628,207685.00000000006,76915.64752941814,130769.35247058191
40641,36407.00000000001,27486.503145021445,8920.496854978563
40656,182000.00000000003,231153.8631790245,49153.86317902448
40657,80000.0,62111.69269461157,17888.30730538843
40667,104999.99999999997,101941.16285126316,3058.837148736813
40670,90000.00000000001,77844.78393748263,12155.216062517386
40681,14676.000000000002,59564.74002367634,44888.74002367634
40696,48936.99999999998,26537.480618154994,22399.519381844984
40699,82949.99999999996,84943.22112711791,1993.221127117955
40702,109999.99999999991,126651.63992693549,16651.639926935575
40706,104413.00000000009,90626.0744239389,13786.925576061185
40707,349999.9999999997,159009.1053617708,190990.8946382289
40738,84512.0,68218.50110566379,16293.498894336211
4074,220427.99999999983,75799.62337204597,144628.37662795384
40740,98611.99999999996,84698.78031676843,13913.219683231524
40753,81209.99999999994,73774.30504473166,7435.694955268278
4077,31385.000000000004,39516.24707559324,8131.247075593234
40770,21843.999999999993,20691.52772590859,1152.472274091404
40773,134999.99999999997,84967.64049865004,50032.35950134993
40778,249999.9999999998,137184.82280985868,112815.17719014111
40784,92812.00000000007,99065.56335692253,6253.563356922459
40786,45446.00000000004,48012.13536051061,2566.135360510576
40789,11623.999999999998,19843.935176952207,8219.935176952209
408,96524.0,97681.95055495306,1157.9505549530586
40801,100777.00000000007,80666.69478303463,20110.30521696544
40814,25522.999999999996,21242.466797241716,4280.533202758281
4082,92812.00000000007,70127.0464944437,22684.953505556376
40828,120000.00000000004,141119.0684116866,21119.06841168656
40842,86820.00000000006,63083.53676678493,23736.46323321513
40852,131999.9999999999,124088.17573824266,7911.824261757254
40860,98611.99999999996,84219.69451033785,14392.305489662103
40866,116014.99999999991,102578.4247477592,13436.575252240713
40885,34827.00000000001,132316.74053272634,97489.74053272634
40890,100000.00000000004,114486.92032097431,14486.92032097427
40905,210000.0,132840.90317812478,77159.09682187522
40912,100000.00000000004,170258.24294715043,70258.24294715039
40924,30795.99999999999,63783.31768739815,32987.31768739816
40934,47101.99999999996,43025.84649839566,4076.1535016043053
40941,122000.00000000003,166088.61992673806,44088.61992673803
40944,75409.99999999997,52843.941682413526,22566.058317586445
40948,275000.0000000002,167018.2000107295,107981.79998927069
40951,36479.00000000003,44257.63410661099,7778.63410661096
40954,17402.000000000007,45905.37325339548,28503.373253395475
40964,41765.00000000001,70954.47790748783,29189.477907487824
40978,199999.99999999997,169867.98077364694,30132.019226353033
40982,150000.00000000006,154667.5613463799,4667.561346379836
41001,63807.999999999985,53507.80273537939,10300.197264620598
41008,41024.99999999998,51289.319684495276,10264.319684495298
41029,90000.00000000001,104547.03083919463,14547.030839194616
41036,72957.99999999994,84957.21265619807,11999.212656198128
41037,108160.00000000006,160440.2637689903,52280.26376899023
41042,225000.00000000015,199276.06898987087,25723.93101012928
41048,52791.00000000004,33226.42881041969,19564.571189580347
41066,126999.99999999991,145760.76936606865,18760.769366068736
41073,116014.99999999991,113159.4004435365,2855.5995564634068
41074,26458.999999999993,35503.4142906641,9044.414290664106
41080,16241.999999999995,48008.32740664979,31766.327406649798
4110,81870.00000000004,87210.84112253242,5340.84112253238
41109,162420.99999999988,97368.73370395013,65052.266296049755
41110,69182.00000000006,76745.88054881568,7563.880548815621
41114,215000.0,191657.28430525522,23342.71569474478
41123,150819.0000000001,90937.43855362904,59881.56144637105
41128,52206.99999999997,48317.82009013611,3889.1799098638585
41131,86999.99999999994,153336.15444959316,66336.15444959322
41143,131999.9999999999,117908.21071505692,14091.789284942992
41145,13949.000000000002,59019.13542806058,45070.13542806058
41146,92575.99999999994,108002.7316447488,15426.731644748856
41157,98494.00000000003,97753.1266621187,740.873337881334
41174,55000.00000000004,109390.58470706474,54390.58470706471
41175,118250.99999999994,174381.6019613303,56130.601961330365
41181,136391.99999999994,141027.78532732875,4635.785327328806
41189,44999.999999999985,39434.340632716325,5565.659367283661
41197,64967.999999999956,61098.407131677326,3869.5928683226302
41209,205900.00000000006,225802.82961837383,19902.82961837377
4121,55686.999999999956,35981.12654941995,19705.87345058001
41214,130000.00000000009,163716.76852029096,33716.768520290876
41228,80000.0,96407.6308329252,16407.630832925206
41233,116014.99999999991,103748.64128549318,12266.358714506729
4126,84408.0,105545.1821388691,21137.182138869102
41267,157470.99999999997,135421.51073901105,22049.48926098892
4128,176984.00000000006,134095.32118972603,42888.678810274025
41286,134999.99999999997,202918.0089466262,67918.00894662624
41288,139999.9999999999,158790.9894181353,18790.989418135374
41336,83882.00000000003,48024.232904534,35857.76709546603
41338,10209.00000000001,27604.21602118095,17395.21602118094
4134,15111.000000000013,26427.151588156037,11316.151588156024
41365,117016.99999999993,129119.48482672831,12102.484826728381
41386,162000.00000000012,179980.212306288,17980.212306287896
41398,80254.00000000001,89410.70501503602,9156.705015036001
41399,228000.00000000003,123695.8092616897,104304.19073831032
41412,28083.00000000002,40252.13086351053,12169.130863510512
41414,52410.99999999998,66335.91640550624,13924.916405506265
41415,212000.00000000017,152180.12021295534,59819.87978704483
41421,27315.99999999998,27741.55244488355,425.55244488356766
41423,14138.00000000001,21706.454104949702,7568.454104949693
41437,143021.0000000001,127436.97698144088,15584.023018559208
41445,75409.99999999997,93228.3725546873,17818.372554687332
41450,208030.00000000003,132958.6575374888,75071.34246251124
4146,38284.99999999997,45809.486670457205,7524.486670457234
41460,186000.00000000012,167146.08213376533,18853.917866234784
41472,29846.999999999978,16153.362524553764,13693.637475446214
41473,137502.9999999999,96123.99323166955,41379.006768330364
41492,69609.0,61452.35726113017,8156.6427388698285
41505,90491.00000000006,58736.9817637865,31754.01823621356
41508,28424.000000000015,23316.478531289667,5107.521468710347
41529,41846.00000000003,54858.22507808043,13012.225078080402
4153,114358.99999999994,123294.95151890008,8935.95151890014
41559,52206.99999999997,49267.52394599708,2939.4760540028874
41570,34160.999999999985,69215.72984624682,35054.72984624683
41574,115720.00000000007,154446.2053115373,38726.20531153724
41575,37125.000000000015,59251.157850084564,22126.15785008455
41580,122526.99999999996,151029.6459440647,28502.64594406473
41582,63807.999999999985,76682.36672843178,12874.366728431793
4159,81209.99999999994,49916.07945859761,31293.92054140233
41615,37872.00000000003,67245.91486042534,29373.914860425313
41622,29653.000000000007,48647.15683584992,18994.156835849913
4163,89098.00000000004,86988.85200492128,2109.1479950787616
4164,76555.99999999996,42167.49176755111,34388.50823244885
41643,18943.000000000004,25349.872616315115,6406.872616315111
41653,160099.99999999994,118936.94815786046,41163.05184213948
41678,119494.99999999997,78625.96412227863,40869.03587772134
41679,150000.00000000006,109172.37945312481,40827.620546875245
41687,62893.0,49437.07980862657,13455.920191373429
4170,116014.99999999991,115384.89246879853,630.1075312013854
41711,52307.99999999998,86070.4112929461,33762.41129294612
4174,93971.99999999996,92309.38620626733,1662.6137937326275
41747,125295.99999999993,76973.56527033626,48322.43472966367
4175,58006.99999999995,50226.29767377644,7780.702326223509
41751,87011.00000000001,82091.26496495851,4919.735035041507
41760,35964.99999999999,28016.991511319135,7948.008488680858
41762,15081.99999999999,27106.373081585138,12024.373081585147
41771,185623.00000000006,179828.70645388137,5794.293546118686
41777,58006.99999999995,63210.80608326946,5203.806083269512
4179,74120.00000000004,79418.28771905406,5298.287719054017
41797,81917.00000000006,73726.39106445364,8190.608935546421
4180,115720.00000000007,133049.71596699167,17329.7159669916
41810,139218.0000000001,105256.91922503193,33961.080774968155
41825,299999.99999999977,134131.8462005882,165868.15379941158
4184,54112.000000000015,106811.00532621474,52699.00532621473
41852,122526.99999999996,147201.93416510598,24674.934165106024
41859,75555.99999999999,59057.28398879073,16498.716011209253
41878,46405.99999999998,41441.790702863786,4964.209297136193
4188,55686.999999999956,60751.426893360374,5064.426893360418
41881,80000.0,98628.92827862712,18628.92827862712
41895,14800.00000000001,23720.318183147192,8920.318183147183
41897,76204.99999999997,57451.308214671946,18753.691785328025
419,116240.00000000009,67020.5825897583,49219.41741024179
4192,34804.0,75441.64544193153,40637.64544193153
41925,139999.9999999999,160716.5667015726,20716.56670157268
41949,32444.999999999996,37421.75813122498,4976.758131224986
41952,120000.00000000004,136980.32132882852,16980.321328828475
41961,11391.000000000005,13124.41928569963,1733.419285699625
41965,58367.00000000001,92050.2156587227,33683.215658722685
41972,34804.0,82008.36015503564,47204.36015503564
4200,69609.0,73556.24671185952,3947.246711859523
42000,139218.0000000001,82831.43553858259,56386.564461417496
42011,173543.99999999988,154626.37271239146,18917.627287608426
42020,73668.99999999997,85531.18722445605,11862.18722445608
42027,38380.99999999998,46361.86186393408,7980.8618639341
4203,63343.999999999985,65369.54024090547,2025.5402409054877
42034,11503.999999999993,22606.001931955783,11102.00193195579
4207,69609.0,52200.98027747525,17408.019722524747
42084,116014.99999999991,87484.30024210259,28530.699757897324
42088,122975.99999999994,124975.0966364446,1999.096636444665
42090,136528.00000000012,33923.252884827205,102604.74711517291
4210,95132.00000000006,83077.80371380103,12054.196286199032
42129,92812.00000000007,103693.87370427782,10881.87370427775
42208,67353.99999999999,74051.95689266614,6697.95689266616
42217,240000.00000000003,73134.56809740253,166865.43190259748
4222,163671.0000000001,182550.06865505627,18879.06865505618
42226,56378.99999999996,59654.70651836341,3275.7065183634477
42269,109999.99999999991,110100.29417686828,100.29417686836678
4228,68071.00000000004,105840.27885618698,37769.27885618694
42299,95000.00000000001,97040.48182540698,2040.4818254069687
42314,77730.00000000006,77688.37659295325,41.62340704680537
42336,210000.0,183565.04616993063,26434.953830069368
4234,94617.99999999996,110772.71414492928,16154.714144929327
42354,29567.999999999985,34060.801468652535,4492.801468652549
42373,100000.00000000004,184155.10103227483,84155.10103227479
42412,27992.0,41257.08187955539,13265.081879555393
4242,44933.0,65011.06406427557,20078.064064275568
42422,55686.999999999956,45832.448424860035,9854.551575139922
42423,106376.00000000006,119637.25522488222,13261.25522488216
42427,385000.00000000023,202349.21284300176,182650.78715699847
4244,142949.00000000006,110692.11250528716,32256.887494712893
42456,28741.000000000015,27847.55749549411,893.4425045059033
42468,76605.99999999993,70686.99191452542,5919.008085474503
42474,40605.000000000015,79334.33683768909,38729.33683768907
42483,72957.99999999994,87987.96726269378,15029.96726269384
42496,27843.99999999999,36948.06995077286,9104.069950772868
42497,195000.00000000006,145034.48460251588,49965.51539748418
42521,81209.99999999994,92766.27213543763,11556.272135437684
42552,139053.99999999988,138459.99789131875,594.0021086811321
42607,150819.0000000001,59663.60130289846,91155.39869710163
42610,60328.00000000003,72948.48378868506,12620.48378868503
42616,13999.999999999995,71886.99398430569,57886.9939843057
4262,92812.00000000007,43703.38424641889,49108.61575358118
4264,73089.00000000006,70987.57110965138,2101.428890348674
4266,75409.99999999997,82328.46127585227,6918.4612758523
42673,97451.99999999997,84027.63708774123,13424.362912258744
42675,40605.000000000015,57156.16831005397,16551.168310053952
42693,145018.00000000012,94059.92505281839,50958.074947181725
4273,81209.99999999994,84714.98964066964,3504.9896406696935
42738,54506.99999999997,64889.797485349765,10382.797485349794
42758,29004.00000000001,36597.80433318828,7593.804333188269
42768,23999.99999999999,28291.73671637473,4291.73671637474
42792,195028.00000000003,215777.99503164706,20749.995031647035
42796,60238.00000000005,47849.74610588047,12388.253894119582
42805,88945.00000000004,123761.55069635803,34816.55069635798
42814,97514.00000000009,115838.21355026918,18324.213550269094
42844,23200.99999999999,33856.406073546226,10655.406073546237
42870,199999.99999999997,154271.95953884054,45728.04046115943
42876,74878.00000000001,83625.10467935474,8747.104679354728
42877,213000.00000000015,166493.34739705813,46506.65260294202
4290,208999.99999999988,163236.68385407684,45763.31614592305
42907,75409.99999999997,39941.457034827035,35468.542965172936
42916,34804.0,32515.701442276946,2288.298557723054
4295,46469.99999999996,34114.93788418884,12355.062115811124
42954,131999.9999999999,171452.08512623058,39452.08512623067
42966,102105.99999999996,97249.75692006251,4856.2430799374415
42988,159999.99999999997,170126.31353701072,10126.313537010748
42991,170000.00000000012,143781.25412495164,26218.74587504848
4300,95298.99999999993,128226.43397863524,32927.43397863531
43001,147551.99999999997,128125.00175472976,19426.99824527021
43004,67999.99999999999,157676.2412850008,89676.24128500083
4301,81209.99999999994,81781.62742021032,571.6274202103814
4302,25522.999999999996,107603.33608459024,82080.33608459024
43041,249999.9999999998,181834.4879691159,68165.5120308839
43043,41068.99999999998,28801.50750548618,12267.492494513797
43047,170000.00000000012,149499.35178213238,20500.64821786774
4306,45245.99999999997,65694.09777584061,20448.097775840637
43101,95132.00000000006,64872.17871472886,30259.821285271195
43135,40684.00000000001,27027.645309156032,13656.354690843975
43141,95132.00000000006,87807.02842337305,7324.971576627009
43145,139999.9999999999,125327.9547799492,14672.045220050713
43152,104413.00000000009,98195.16153351891,6217.838466481175
43160,14999.99999999999,38767.07941818344,23767.07941818345
43163,189999.9999999999,128661.17014449963,61338.829855500284
43164,279089.9999999999,95892.9339150629,183197.066084937
43188,126456.00000000001,86085.0554423221,40370.94455767791
43197,52307.99999999998,38588.15173005806,13719.848269941918
43207,36034.00000000003,40003.83771864806,3969.8377186480284
43218,45245.99999999997,49042.845464600076,3796.8454646001046
43219,12641.999999999998,34271.18572391557,21629.185723915572
4323,73374.99999999996,67779.18346638946,5595.816533610501
43253,199999.99999999997,229629.90910987445,29629.909109874483
4326,81209.99999999994,100820.82040844396,19610.820408444022
43263,125104.99999999993,124651.7924784073,453.20752159263066
43319,69609.0,53021.152343734,16587.847656266
4332,34804.0,44945.29350868716,10141.293508687158
43321,70885.00000000004,76537.52208009428,5652.522080094233
43328,96291.99999999991,88020.11403830964,8271.885961690277
43356,48000.00000000004,29794.736464219797,18205.26353578024
43366,48000.00000000004,23084.275528691556,24915.72447130848
43379,149522.00000000006,123018.37311836232,26503.62688163774
43381,40373.000000000015,43366.86331448339,2993.863314483373
4340,137632.0000000001,149820.23096012382,12188.230960123736
43401,100000.00000000004,96792.5624002251,3207.437599774945
4341,65663.00000000003,77410.06333800346,11747.063338003427
4342,49886.00000000002,43859.63970119524,6026.360298804779
43425,69642.99999999999,50931.22044622174,18711.779553778244
43428,40684.00000000001,25859.394589684507,14824.6054103155
43441,44461.99999999996,31194.406711809526,13267.593288190437
43453,30945.999999999978,42745.70036719007,11799.70036719009
43467,90353.00000000003,69418.82898046938,20934.17101953065
43470,58119.999999999985,22315.99447312309,35804.00552687689
43479,81209.99999999994,59434.61204691927,21775.387953080673
43481,180000.00000000003,170886.39283377246,9113.607166227564
43504,91652.00000000006,85143.89031026409,6508.109689735968
43514,34804.0,39126.6744877472,4322.674487747201
4352,41707.00000000002,121709.01541498763,80002.0154149876
43528,174021.99999999988,151996.5989228783,22025.401077121584
43550,44209.99999999997,44939.89793698346,729.8979369834924
43555,63807.999999999985,53733.299646423715,10074.70035357627
43569,75744.00000000006,37481.495210857276,38262.50478914278
43575,124999.9999999999,88414.09546214591,36585.90453785399
43580,68071.00000000004,90396.68017782333,22325.68017782329
43584,74248.99999999999,101190.94550689527,26941.94550689528
43586,25522.999999999996,65226.468470684784,39703.46847068479
4359,40842.0,51932.78828046796,11090.788280467961
43590,25573.000000000022,18707.88066613925,6865.119333860774
43603,69609.0,71977.87336574859,2368.8733657485864
43604,69609.0,80876.55579187717,11267.555791877166
43609,52206.99999999997,37859.29720337145,14347.702796628524
43618,58006.99999999995,64269.59777107143,6262.59777107148
43622,67772.00000000006,62070.85644371025,5701.143556289811
43623,116014.99999999991,71938.31982160071,44076.6801783992
4363,56167.000000000044,57259.529060326735,1092.5290603266913
43635,119180.99999999997,97181.76518536147,21999.234814638505
4366,78889.99999999996,86051.7475194607,7161.74751946074
43670,32748.0,107235.63967177416,74487.63967177416
43678,27268.000000000004,29740.047576950026,2472.0475769500226
43692,104413.00000000009,70174.66091189125,34238.33908810884
43695,234336.99999999985,37354.107631773695,196982.89236822617
437,299999.99999999977,32136.012504965,267863.98749503476
43714,23055.999999999985,13930.99510738803,9125.004892611956
43726,21649.000000000004,24619.52449339432,2970.5244933943177
4373,81209.99999999994,57718.39059183313,23491.609408166812
43732,29004.00000000001,60601.592765086636,31597.592765086625
43745,20727.000000000004,52003.66317255278,31276.663172552773
43746,44052.00000000001,24589.128981221158,19462.87101877885
43749,81209.99999999994,99743.96641113755,18533.966411137604
43751,84567.99999999996,85036.3413827675,468.34138276753947
43777,29940.0,55548.11450392731,25608.11450392731
4378,55644.999999999956,64527.782669709864,8882.782669709908
43782,175186.00000000003,62246.83443135191,112939.16556864811
4380,149755.99999999997,179408.88579699537,29652.885796995397
43810,111374.0000000001,98723.53119597484,12650.468804025266
4382,189999.9999999999,190521.72257873954,521.722578739631
43836,30369.000000000004,35099.085187454715,4730.085187454712
43859,68999.99999999997,25825.724884374788,43174.27511562518
43873,55714.00000000001,70938.63449881175,15224.634498811742
4388,54580.00000000001,70757.02775870818,16177.027758708173
43899,50371.99999999997,58623.99953026173,8251.99953026176
439,17999.999999999993,38125.261900582074,20125.26190058208
43905,99773.00000000004,82413.5832101926,17359.416789807437
43906,69810.99999999997,69121.4832726911,689.5167273088737
43915,83279.99999999993,49484.43698461598,33795.563015383945
4392,138754.00000000006,67272.6904947715,71481.30950522856
43942,36758.000000000015,70975.19846050482,34217.198460504806
43946,58006.99999999995,51531.991071063145,6475.008928936804
43959,150000.00000000006,141247.2480854088,8752.751914591267
4397,116014.99999999991,104918.48861506041,11096.511384939498
43978,95954.99999999996,119668.66818336166,23713.668183361704
4398,34804.0,32340.38024215169,2463.6197578483116
43985,80000.0,94765.73669526295,14765.736695262953
43999,48726.000000000044,44698.27466629573,4027.725333704315
44009,59400.000000000044,71363.91328253454,11963.9132825345
44011,20923.00000000002,30631.99538147822,9708.995381478202
44026,44123.99999999997,34910.23475162778,9213.76524837219
4403,92812.00000000007,81702.82627340061,11109.17372659946
44031,24363.000000000004,59475.7835826831,35112.7835826831
44036,69400.00000000001,74291.06357543408,4891.063575434062
44041,78011.0,98580.4347877744,20569.4347877744
44049,49886.00000000002,82372.99608167174,32486.996081671714
44055,116014.99999999991,95888.43127927017,20126.568720729745
44058,54526.99999999996,48532.80837493153,5994.191625068437
44065,86895.99999999999,108559.20275680047,21663.202756800485
44070,61996.000000000044,46503.00514364512,15492.994856354926
44086,230000.0000000001,235835.55126910462,5835.55126910453
44088,108082.99999999991,107716.15190805153,366.84809194838454
44098,18203.99999999999,33723.55844016082,15519.558440160832
44099,17357.999999999993,58067.425415897764,40709.42541589777
4411,98101.99999999994,97311.80202548741,790.1979745125282
44121,176484.99999999988,116680.41836788254,59804.58163211735
44122,170000.00000000012,178850.83751295722,8850.837512957107
44128,87011.00000000001,101688.64511967367,14677.64511967366
44153,61264.00000000001,60399.07860442493,864.9213955750747
44159,148499.99999999988,205556.61707002163,57056.61707002175
4418,245054.99999999994,77403.69065577476,167651.30934422518
44185,180000.00000000003,273988.23811768106,93988.23811768103
4419,106013.00000000004,31545.290799346836,74467.7092006532
44197,104018.99999999996,131128.37377964318,27109.373779643225
4421,69609.0,41247.90306827069,28361.096931729313
44227,67289.00000000001,67601.99111690033,312.99111690031714
44230,157999.99999999997,189659.99069143904,31659.990691439074
44233,121166.0000000001,69525.34270494834,51640.65729505176
44237,118593.00000000007,87230.1933907817,31362.806609218373
44247,109999.99999999991,66076.18917675591,43923.810823244
44250,49886.00000000002,40434.12978475736,9451.870215242663
44291,64999.999999999956,69310.25905662173,4310.25905662177
443,55686.999999999956,67270.91149153963,11583.911491539679
44308,192999.99999999985,199695.73243407867,6695.732434078818
4431,29397.000000000004,26097.373432462908,3299.626567537096
44316,146999.99999999988,130954.32372810629,16045.676271893593
44340,23942.999999999985,26591.784002373475,2648.78400237349
44358,54610.99999999997,31615.787675986157,22995.212324013813
44365,32484.000000000022,29246.296822431155,3237.7031775688665
4439,34035.00000000002,54059.12348545774,20024.12348545772
4442,48362.00000000003,47248.02524171518,1113.9747582848504
44420,116014.99999999991,132471.40587727693,16456.405877277022
4443,46405.99999999998,66093.15135202555,19687.151352025576
44441,210788.00000000012,152037.48120679287,58750.518793207244
44468,149000.0,152268.88049066716,3268.8804906671576
44500,122526.99999999996,126359.11173005606,3832.111730056102
44530,29351.00000000002,18407.315312629453,10943.684687370565
44532,10461.99999999999,17518.294514603513,7056.294514603522
44554,150000.00000000006,144762.86299655147,5237.137003448588
44562,150000.00000000006,94110.75674698091,55889.24325301914
4458,69609.0,92172.30144256134,22563.301442561336
44594,39569.99999999999,24646.53148124959,14923.468518750404
44601,170000.00000000012,236486.97071184628,66486.97071184617
44605,89098.00000000004,71954.94009144092,17143.059908559124
44610,139218.0000000001,116129.04819077806,23088.951809222024
44620,43688.999999999985,33253.94726562124,10435.052734378747
44634,78889.99999999996,89086.51403700408,10196.514037004119
44643,48240.00000000003,37607.7701392748,10632.22986072523
44662,97451.99999999997,117789.96424347995,20337.964243479975
4467,58006.99999999995,57676.55940351462,330.44059648532857
4469,134577.00000000003,93848.06196915699,40728.93803084304
44697,95713.0,78162.71235303643,17550.287646963567
4470,23202.99999999999,31790.898682058974,8587.898682058985
44702,70039.99999999996,73435.54471599606,3395.544715996104
44709,112000.00000000004,160120.28017059382,48120.280170593775
44711,62220.99999999995,60465.093213784705,1755.9067862152442
44719,169000.00000000012,194696.82805626848,25696.828056268365
44728,161191.00000000006,178691.77237697737,17500.772376977315
44740,189999.9999999999,153927.33666862152,36072.6633313784
44766,32674.0,57023.587290486415,24349.587290486415
44774,109978.00000000009,104798.26477153963,5179.735228460457
44775,118324.00000000001,46292.07610791191,72031.9238920881
44783,174021.99999999988,73099.86650326826,100922.13349673162
44784,57833.00000000001,76919.65397949162,19086.65397949161
44808,109999.99999999991,130358.12586561446,20358.12586561455
44821,80000.0,75142.54286520799,4857.457134792014
44823,63807.999999999985,96963.1413002166,33155.14130021661
44840,124686.99999999997,123758.38030155588,928.6196984440903
44855,272784.00000000006,269044.2125422448,3739.787457755243
44859,175000.00000000012,225749.5291316157,50749.52913161559
44895,330000.0000000001,212235.57298723373,117764.42701276639
44906,95999.99999999996,120727.87366015978,24727.87366015982
4492,92812.00000000007,98638.38778159866,5826.387781598591
44921,139999.9999999999,177063.90676961595,37063.906769616035
44940,61245.00000000003,46699.12583696942,14545.87416303061
44955,57519.000000000044,70989.05215632185,13470.052156321806
44967,87550.00000000007,128583.78822772384,41033.788227723766
44981,150819.0000000001,133411.6019956528,17407.398004347284
44999,125295.99999999993,71441.36077103202,53854.639228967906
45001,69744.00000000004,22889.079838593218,46854.92016140683
45003,28107.000000000004,31830.234027953855,3723.234027953851
45013,92812.00000000007,99104.92363447329,6292.92363447322
45026,155521.00000000012,177244.12993503158,21723.129935031466
45035,73374.99999999996,89182.78349087556,15807.783490875605
45036,195000.00000000006,163219.41539795825,31780.58460204181
45043,50000.000000000015,136368.62114266574,86368.62114266572
45044,117346.99999999997,94300.75367401823,23046.246325981745
45059,27305.999999999985,37037.17580682048,9731.175806820494
45078,152000.00000000006,136779.28245641745,15220.717543582607
45079,75000.00000000004,137056.71064921693,62056.71064921688
45087,156620.00000000003,86897.37167535214,69722.62832464789
45089,185623.00000000006,147531.2583156412,38091.74168435886
451,63807.999999999985,113617.09153359926,49809.091533599276
45104,101000.00000000003,114596.0024117115,13596.002411711466
45106,87999.99999999996,100720.23836186154,12720.238361861586
45137,69609.0,56496.578343453904,13112.421656546096
45143,15200.000000000004,37355.919928727446,22155.919928727442
45146,84691.00000000001,74077.42889111498,10613.571108885037
45178,131999.9999999999,124443.54950371307,7556.450496286838
45188,75108.99999999996,67674.64456488202,7434.355435117934
45195,261999.99999999994,215023.3706120105,46976.62938798944
452,15035.999999999996,18849.732585091457,3813.7325850914604
45210,71999.99999999996,111161.27612976769,39161.276129767735
45215,88170.99999999999,93896.90545230513,5725.905452305145
45219,10000.00000000001,30918.32458967644,20918.324589676427
45226,49653.99999999996,68271.3590150913,18617.35901509133
45227,139218.0000000001,98494.88028535833,40723.119714641754
45229,168500.0,93171.53693387192,75328.46306612808
45234,224632.99999999983,61496.685194541504,163136.31480545833
45245,44479.99999999998,48084.546000623086,3604.546000623108
45247,127616.0000000001,70976.54579530774,56639.45420469236
4525,26798.99999999998,33921.75074863549,7122.750748635506
45267,161191.00000000006,135905.956036045,25285.043963955046
45268,379999.9999999999,231188.46491063028,148811.5350893696
45270,310000.0000000002,234561.2157298348,75438.78427016537
45282,215999.99999999985,229890.54350659053,13890.543506590679
45285,40000.0,52646.672822407774,12646.672822407774
45291,290037.00000000023,59672.490778963715,230364.5092210365
45302,93971.99999999996,64566.0406464465,29405.95935355346
45309,71928.99999999996,64161.55041182033,7767.449588179625
45316,66258.99999999997,66262.85200232446,3.852002324492787
45336,88049.99999999993,84619.0834511852,3430.9165488147264
45341,45846.99999999998,36259.6509117693,9587.34908823068
45342,62647.99999999997,87274.23091002116,24626.230910021186
45348,114999.99999999991,109384.46515568047,5615.534844319438
45350,127616.0000000001,83650.13923691754,43965.86076308256
45362,80112.99999999999,71673.54735006849,8439.452649931496
45369,77730.00000000006,76247.98718128211,1482.0128187179507
45378,70000.00000000001,54688.657508004166,15311.342491995849
4538,92812.00000000007,87796.4820790352,5015.517920964878
45386,69609.0,105795.6362999969,36186.6362999969
45394,58006.99999999995,55222.641331989376,2784.3586680105727
45398,156620.00000000003,70974.0179652291,85645.98203477093
45400,149522.00000000006,117473.95788368587,32048.042116314187
45408,47008.999999999985,70433.36710625545,23424.367106255464
45436,70000.00000000001,111845.66156561888,41845.661565618866
4544,69609.0,90640.57364213589,21031.57364213589
45454,87011.00000000001,75376.30071758483,11634.699282415182
45457,156000.0,176192.61508775555,20192.61508775555
45461,35999.99999999998,37573.467206529174,1573.4672065291961
45473,69609.0,52510.40958656002,17098.590413439983
45479,54456.99999999997,93216.97429669068,38759.97429669071
455,167803.99999999994,122241.47178461264,45562.5282153873
4550,42165.00000000002,53802.77673054078,11637.776730540761
45512,98611.99999999996,103912.03043549755,5300.030435497596
45532,119831.00000000006,36394.3222051193,83436.67779488076
4554,58006.99999999995,85109.81812570865,27102.818125708705
45540,294141.99999999977,197862.77351597813,96279.22648402164
45563,73089.00000000006,125610.7155632797,52521.715563279635
45587,150000.00000000006,154186.8104266344,4186.810426634329
45620,200999.99999999997,187763.9447323659,13236.055267634074
45622,27843.99999999999,60897.3908053718,33053.390805371804
45642,199999.99999999997,93595.54602829568,106404.4539717043
45671,124135.99999999999,157720.8068381266,33584.806838126606
45676,125467.99999999993,118090.29196780815,7377.708032191775
45681,95298.99999999993,98191.76592240534,2892.7659224054078
45685,399999.9999999999,152870.93802651536,247129.06197348452
45693,100000.00000000004,141135.1600182627,41135.16001826264
45698,349999.9999999997,193480.33612034426,156519.66387965545
45702,100000.00000000004,77601.77768000454,22398.222319995504
45720,75409.99999999997,76262.57231978358,852.572319783605
4573,34925.0,61894.51174119952,26969.511741199523
45754,50000.000000000015,56846.1565973493,6846.156597349283
45760,294999.9999999998,121874.17284220218,173125.82715779764
45773,219999.99999999983,143634.87509952334,76365.12490047648
4578,54526.99999999996,72735.50757612867,18208.507576128708
4579,17999.999999999993,43622.90538060051,25622.905380600518
45794,18598.000000000007,26111.08205534428,7513.082055344272
45807,84360.99999999994,66975.93285069555,17385.067149304392
45852,122000.00000000003,155345.3036805769,33345.30368057688
45861,39745.00000000003,20935.099522518783,18809.900477481246
4587,130018.99999999999,92912.38453674389,37106.615463256094
45874,96724.00000000006,70248.21934766564,26475.78065233442
45879,72281.99999999999,87362.37805877843,15080.378058778442
45898,134999.99999999997,156832.6742720776,21832.674272077624
45901,170000.00000000012,189405.41860153453,19405.418601534417
45904,360000.0000000001,185540.64940866572,174459.3505913344
45906,12742.999999999996,79731.28108386754,66988.28108386754
45917,89505.0,44088.49426059631,45416.50573940369
45960,60000.000000000015,59408.76685078135,591.233149218664
45967,81209.99999999994,96841.5823791524,15631.58237915246
45986,136391.99999999994,103097.61260934452,33294.38739065542
45990,50000.000000000015,69950.97901428635,19950.979014286335
45993,116014.99999999991,67809.87673023221,48205.123269767704
45994,12273.000000000007,62161.72122244846,49888.721222448454
46020,30163.99999999999,63062.00649094863,32898.00649094864
46027,150819.0000000001,132658.6638325955,18160.336167404574
46032,68134.00000000001,61695.96760322901,6438.0323967710065
4605,190598.00000000012,139726.66877120512,50871.331228794996
46053,232028.99999999985,129732.29096148397,102296.70903851588
46056,301637.9999999999,82789.8089650637,218848.19103493617
46065,174021.99999999988,128091.86604189168,45930.1339581082
46082,232028.99999999985,55974.25402544417,176054.74597455567
46088,40605.000000000015,46530.170480385576,5925.170480385561
46091,11623.999999999998,20514.012504011494,8890.012504011496
461,48132.00000000004,71935.79587915346,23803.795879153426
46109,69609.0,102162.16597343549,32553.16597343549
46110,95179.00000000006,94718.2300983515,460.7699016485567
46119,81209.99999999994,54220.53536386843,26989.46463613151
46122,30163.99999999999,49004.63879019523,18840.638790195244
46138,47921.999999999956,40872.77908044735,7049.220919552608
4615,32484.000000000022,38159.112758307616,5675.112758307594
46161,68581.00000000001,52305.00753286251,16275.992467137505
46170,56830.00000000003,59835.032983629564,3005.032983629535
46174,75409.99999999997,73915.37827656831,1494.6217234316573
462,65073.00000000002,64814.18173110749,258.8182688925299
46206,122526.99999999996,118959.12888050338,3567.8711194965726
46208,98611.99999999996,137975.70648218118,39363.706482181224
4621,175000.00000000012,140196.09226654112,34803.907733459
46226,78889.99999999996,84489.28478520816,5599.284785208205
46237,47649.999999999956,75205.7837720073,27555.783772007344
4624,90193.99999999993,144586.3028897146,54392.30288971467
46245,61635.000000000015,73404.7081440638,11769.708144063785
46249,120000.00000000004,92015.7086817925,27984.291318207543
46265,92812.00000000007,93755.31197393755,943.3119739374815
46302,34510.99999999997,60901.3014334501,26390.301433450128
46307,31324.00000000001,31709.96126256437,385.96126256436037
4631,92812.00000000007,122340.77586926389,29528.775869263816
46310,109438.00000000009,125101.21313209781,15663.21313209772
46346,81209.99999999994,84873.60188774395,3663.6018877440074
46349,112244.00000000006,57841.22264986689,54402.77735013317
46362,11781.000000000007,19569.26203730226,7788.262037302251
46371,153999.99999999988,163613.45141455287,9613.451414552983
46375,209230.99999999994,49058.21966114091,160172.78033885904
46399,230000.0000000001,139575.54661463574,90424.45338536435
464,67399.99999999996,37608.49484505282,29791.50515494714
46413,58006.99999999995,48326.32910596716,9680.670894032788
46421,87939.00000000003,62773.97107042083,25165.028929579203
46463,48000.00000000004,34970.33727402997,13029.662725970069
46464,74878.00000000001,102970.10524887226,28092.10524887225
46468,13949.000000000002,43795.164625524754,29846.164625524754
46489,41799.99999999997,47160.75638328158,5360.756383281609
46508,92812.00000000007,85797.79514982188,7014.204850178197
46518,157999.99999999997,147541.87081178083,10458.129188219144
46519,199999.99999999997,183850.54235902123,16149.45764097874
46542,93610.99999999993,73410.56249333873,20200.437506661197
46572,78958.99999999999,50524.0175671752,28434.982432824785
46576,45446.00000000004,36749.94415612411,8696.055843875925
46582,29004.00000000001,110754.35931986071,81750.3593198607
46597,90000.00000000001,110752.9873434929,20752.98734349289
46600,60000.000000000015,124467.67198287972,64467.67198287971
46601,54319.999999999985,42467.61863020774,11852.381369792245
4661,133419.00000000003,136191.86183923602,2772.861839235993
46621,108000.00000000001,111649.57889979954,3649.578899799526
46624,96660.00000000004,117914.96328084913,21254.963280849086
4665,58006.99999999995,99251.39929584306,41244.39929584311
46672,102105.99999999996,127198.10103060961,25092.101030609658
46685,41378.99999999996,52587.62392117616,11208.623921176193
4670,55138.99999999998,77636.23713595912,22497.23713595914
46700,27772.999999999993,41235.45274189792,13462.452741897927
46710,87011.00000000001,75640.20726238702,11370.792737612996
4673,116014.99999999991,72921.40890142588,43093.591098574034
46730,159999.99999999997,133862.18094564788,26137.81905435209
46731,55503.0,47756.92044525293,7746.07955474707
46750,13199.999999999989,80946.2310714863,67746.23107148631
46789,104999.99999999997,82515.47909310056,22484.520906899415
46790,69642.99999999999,100256.58510482943,30613.585104829443
46812,199999.99999999997,212738.27514584755,12738.275145847583
46826,47064.99999999999,50685.56692870542,3620.566928705426
4683,83531.00000000003,98193.68383776676,14662.68383776673
46838,18071.000000000007,16042.219350785293,2028.7806492147138
46852,11623.999999999998,32909.4415953076,21285.441595307602
46854,40000.0,26055.257272515966,13944.742727484034
46877,208030.00000000003,145462.55513172972,62567.44486827031
4690,12786.00000000001,14531.982182339063,1745.982182339054
46902,13784.999999999995,25829.269285433784,12044.26928543379
46903,65663.00000000003,102796.50536124801,37133.50536124798
46919,83857.0,84865.83813141235,1008.8381314123544
46929,72870.0,34186.046440976424,38683.953559023576
46938,63120.00000000005,62780.42731711603,339.57268288401974
46948,19721.99999999999,32518.998531528738,12796.998531528749
46972,51850.99999999996,80019.27214367167,28168.272143671704
46980,40605.000000000015,25375.07727037024,15229.922729629776
4700,92812.00000000007,124796.12613405885,31984.12613405878
47053,17414.99999999999,15891.377757748687,1523.622242251302
47061,116014.99999999991,117772.90760874147,1757.9076087415597
4707,70999.99999999994,72760.91142050001,1760.911420500066
47090,44404.0,34418.52612398009,9985.47387601991
47119,110896.99999999991,120755.33074207498,9858.330742075064
4712,349999.9999999997,257390.0978406324,92609.90215936731
47148,68202.99999999999,39838.57646325077,28364.423536749215
4715,80514.0,51310.943117601826,29203.056882398174
47150,30764.000000000004,26379.19539050822,4384.8046094917845
47152,71999.99999999996,33785.82003697118,38214.17996302878
47164,142000.0,114051.06183325413,27948.938166745866
47184,43564.99999999997,48266.30140444089,4701.301404440921
47190,210000.0,157472.42657824815,52527.57342175185
4722,69609.0,86939.5773847601,17330.577384760094
47227,112000.00000000004,121039.36176665344,9039.361766653397
4724,136141.0000000001,96964.10053544625,39176.89946455383
47271,239000.00000000003,196333.28366914616,42666.71633085387
47285,116014.99999999991,93130.74139985266,22884.258600147252
47287,73374.99999999996,85688.43378349814,12313.433783498185
4729,63713.00000000001,60470.09271155356,3242.9072884464476
4730,60798.00000000002,53992.10332487148,6805.896675128541
47330,35347.0,32596.08570500039,2750.9142949996094
47344,25248.00000000002,15809.016117640536,9438.983882359482
47362,39465.00000000001,50292.02336390421,10827.023363904205
47399,30163.99999999999,30828.87855050373,664.8785505037413
4740,80050.00000000006,77250.98658471917,2799.0134152808896
47436,73374.99999999996,71800.96969689665,1574.0303031033109
47472,99608.0,90996.71811291297,8611.281887087025
47529,50000.000000000015,86592.26970398326,36592.26970398324
47537,43688.999999999985,37666.879403880834,6022.120596119152
4756,130000.00000000009,152226.92639627008,22226.92639626999
47586,120000.00000000004,73687.1370739101,46312.86292608995
47619,130000.00000000009,148199.3671404276,18199.367140427523
4763,139218.0000000001,114371.93718692515,24846.06281307494
4764,124028.99999999999,143853.02166399837,19824.021663998385
47646,69609.0,77339.35317192148,7730.353171921481
47654,81685.0,76656.88905426051,5028.110945739492
47658,139218.0000000001,65373.050675931954,73844.94932406813
47665,60000.000000000015,127870.21594526664,67870.21594526662
4767,150000.00000000006,144124.9599145571,5875.040085442946
4771,58006.99999999995,72312.19798978367,14305.197989783723
4773,136141.0000000001,165969.19185007428,29828.19185007419
47739,23247.999999999993,33982.51653144815,10734.516531448156
4776,30709.999999999993,39960.20854309355,9250.208543093555
47801,12999.999999999995,156248.62660820127,143248.62660820127
47821,46405.99999999998,56140.47461253936,9734.47461253938
47822,180000.00000000003,110829.82191165989,69170.17808834014
4785,29004.00000000001,40466.088699842956,11462.088699842945
47852,34871.99999999999,18010.606947943932,16861.39305205606
47860,53094.99999999998,74572.92009205866,21477.92009205868
47862,259999.9999999998,247157.56400263077,12842.43599736903
4789,81685.0,80064.90804834767,1620.0919516523281
4790,25446.99999999999,22030.56520566711,3416.4347943328794
47902,54123.99999999996,55328.081843455955,1204.0818434559915
47921,170000.00000000012,165251.47988790614,4748.520112093975
4796,149000.0,201250.11222637887,52250.11222637887
47997,257000.00000000015,177149.8432549167,79850.15674508346
48009,135999.99999999997,164505.30029461943,28505.30029461946
4804,43664.00000000003,68076.70223521005,24412.702235210018
4805,135100.00000000003,190092.4359609299,54992.43596092987
48058,12297.999999999998,113180.0506231381,100882.0506231381
48123,109438.00000000009,103902.36659876673,5535.633401233354
48132,245999.99999999983,160110.82238061726,85889.17761938256
48190,97885.99999999999,97047.76526205307,838.2347379469138
48208,81209.99999999994,107596.25390950918,26386.253909509236
4826,110214.00000000007,88551.33926867558,21662.66073132449
48273,41765.00000000001,59935.44916365102,18170.449163651014
48286,58006.99999999995,41250.07395993462,16756.92604006533
48295,155000.00000000012,156931.35575883812,1931.3557588380063
48373,100000.00000000004,47855.06837087003,52144.93162913001
4838,46405.99999999998,41085.682491041254,5320.317508958724
48406,133417.0,91017.95468375532,42399.04531624468
4842,66709.0,70249.7463228506,3540.746322850595
4844,13921.999999999993,49349.367245516565,35427.36724551657
4845,69609.0,118828.17874423105,49219.178744231045
48461,81209.99999999994,62242.24887266725,18967.75112733269
48462,87327.99999999996,48381.46561653324,38946.534383466715
48466,94154.00000000007,63897.006439293495,30256.993560706578
4847,44927.00000000001,47860.00214040694,2933.002140406934
48514,113694.00000000004,100421.44585745512,13272.55414254492
48579,208928.00000000006,80922.51266516633,128005.48733483373
48586,63807.999999999985,65955.60953630286,2147.6095363028726
4860,50000.000000000015,130167.62558219513,80167.62558219512
48614,134973.0,128676.39851541238,6296.60148458762
4863,43774.99999999997,52992.944330929175,9217.944330929204
48637,120000.00000000004,94340.04103159817,25659.958968401872
48649,67999.99999999999,79207.39243917471,11207.392439174728
48653,162420.99999999988,88916.14836731354,73504.85163268635
48668,127616.0000000001,107280.35898022178,20335.641019778326
48676,165000.00000000015,140670.3471653546,24329.65283464556
4871,218874.9999999999,105242.91968396456,113632.08031603535
4873,57178.99999999996,80149.3109096889,22970.31090968893
48736,116640.0000000001,125067.853278428,8427.853278427894
48739,67654.99999999997,59056.54096452736,8598.45903547261
4876,58006.99999999995,42322.59796315286,15684.402036847088
48784,22467.00000000001,43747.58000912525,21280.580009125242
4880,60795.99999999997,52896.5979904668,7899.4020095331725
48845,121000.00000000003,164311.78736673525,43311.787366735225
48846,90000.00000000001,78578.83440678095,11421.165593219062
48853,301176.9999999998,106945.72038668192,194231.27961331792
48854,34951.00000000002,37704.5045641197,2753.5045641196775
48886,78595.00000000004,81313.8874000311,2718.8874000310607
48921,114999.99999999991,153781.33156755823,38781.331567558314
48950,17402.000000000007,119847.02669446272,102445.02669446272
48960,42165.00000000002,53541.57324170332,11376.5732417033
48971,349999.9999999997,215314.75091751068,134685.24908248903
49,142949.00000000006,174360.17805800363,31411.17805800357
49007,170000.00000000012,211922.90231883293,41922.902318832814
49018,20000.000000000015,48050.33961323611,28050.339613236094
49067,138469.99999999988,146797.9079932572,8327.907993257308
49076,82365.99999999996,83594.45724729524,1228.457247295286
4922,122526.99999999996,109111.811169009,13415.188830990955
4931,107000.00000000003,143900.59122711694,36900.59122711691
4932,43737.99999999998,40424.87202568396,3313.1279743160194
4941,61245.00000000003,84026.59209471846,22781.592094718435
4945,98611.99999999996,68487.9357920457,30124.06420795426
4949,127616.0000000001,57429.51074879943,70186.48925120066
4954,240000.00000000003,141991.6282745064,98008.37172549363
4956,180000.00000000003,88723.74661774434,91276.25338225569
4968,95999.99999999996,111157.98871199857,15157.988711998609
4974,23368.99999999999,84100.05790009274,60731.057900092754
4994,83531.00000000003,82185.83936849725,1345.1606315027748
4996,80000.0,75157.26319811543,4842.736801884574
501,17839.999999999996,25430.84369187877,7590.843691878774
5016,81209.99999999994,80964.3970418939,245.60295810604293
5026,77149.99999999996,62737.61264044548,14412.38735955448
5029,136141.0000000001,136917.60720855344,776.6072085533524
504,150000.00000000006,137596.27306925872,12403.726930741337
5042,109438.00000000009,96927.73736175387,12510.262638246219
5043,99223.00000000007,84619.47337335642,14603.526626643652
5047,13209.000000000002,25259.848270822305,12050.848270822304
5062,11600.999999999993,80703.86844445587,69102.86844445587
5066,339999.99999999994,204767.004003154,135232.99599684594
5078,55000.00000000004,83600.45363567478,28600.45363567475
5091,83531.00000000003,97538.556913997,14007.556913996974
5104,234336.99999999985,92967.23052383732,141369.76947616253
5113,50549.99999999998,47984.64593148612,2565.354068513858
5114,180000.00000000003,166829.98609566005,13170.013904339983
5118,24028.99999999998,48227.240434460844,24198.240434460862
5119,80254.00000000001,81505.64272036005,1251.6427203600324
512,199999.99999999997,119353.3295065244,80646.67049347557
5122,123888.99999999993,119491.54089310052,4397.459106899405
5123,59901.999999999985,73263.91817588941,13361.918175889426
5136,90000.00000000001,80974.70817963374,9025.29182036627
5137,126360.99999999999,65803.81481052027,60557.185189479715
5142,249999.9999999998,122597.71786684617,127402.28213315363
5146,108710.00000000009,122839.28506009684,14129.28506009675
5151,88049.99999999993,91656.98695393387,3606.9869539339415
5164,46405.99999999998,68349.75292661539,21943.75292661541
5167,64932.999999999956,57678.84158434562,7254.1584156543395
5170,48726.000000000044,55541.69379795498,6815.693797954933
5173,139999.9999999999,148792.46775942342,8792.46775942351
5178,124999.9999999999,130808.01077313728,5808.010773137386
518,110108.99999999993,82235.34358909188,27873.65641090805
5189,90000.00000000001,115583.61351951219,25583.613519512175
5191,65533.000000000015,35042.333783529095,30490.66621647092
5196,139999.9999999999,118373.70700098813,21626.292999011785
52,81209.99999999994,77587.82903292937,3622.170967070575
520,23999.99999999999,37924.17187132812,13924.171871328133
5200,31999.999999999993,84633.13263000034,52633.13263000035
5207,76830.99999999994,55200.37930202333,21630.620697976614
5214,145018.00000000012,117834.47538316027,27183.524616839844
5221,254850.99999999985,111971.20798726277,142879.79201273707
5231,176984.00000000006,111903.10522156466,65080.894778435395
5232,73999.99999999997,88006.23748627494,14006.237486274971
5242,104413.00000000009,77704.33531013665,26708.664689863435
5246,24943.00000000001,84317.57170179323,59374.57170179322
5251,49886.00000000002,48375.54320046799,1510.4567995320322
5267,64736.00000000005,35635.759985763005,29100.240014237046
5274,299999.99999999977,273890.47946496966,26109.52053503011
5275,72957.99999999994,110230.27770318973,37272.277703189786
5286,58006.99999999995,57832.67302601005,174.32697398989694
5293,371978.99999999994,218832.6375031112,153146.36249688873
53,63908.99999999999,63044.71171554803,864.2882844519627
5308,43375.00000000002,28212.925631079226,15162.074368920796
5315,340353.99999999994,111496.45347290451,228857.54652709543
5319,131324.99999999997,102420.76749974949,28904.23250025048
5327,120000.00000000004,61213.60574699494,58786.394253005106
5329,122526.99999999996,116607.42108711299,5919.578912886966
5334,249999.9999999998,211664.4154433424,38335.584556657384
5354,108913.0,80922.75371572316,27990.246284276844
5373,85850.99999999993,86112.90223257993,261.90223258000333
5374,51841.00000000002,58940.8176038094,7099.817603809381
5378,17475.999999999993,22660.559479072253,5184.559479072261
5391,185000.00000000006,187737.9059747227,2737.905974722642
5393,71999.99999999996,117666.74516059883,45666.745160598875
540,54456.99999999997,70117.56967913972,15660.56967913975
5400,100000.00000000004,103195.63874765273,3195.638747652687
5404,134999.99999999997,92990.3250869507,42009.67491304927
5423,136141.0000000001,158385.7041429326,22244.704142932518
5430,275000.0000000002,162132.33747761,112867.66252239016
5432,81209.99999999994,45887.69705354479,35322.30294645515
5437,68071.00000000004,90944.44459922922,22873.444599229173
544,218874.9999999999,135138.2177574565,83736.78224254341
5463,31904.000000000022,27821.713812095306,4082.286187904716
547,138000.00000000006,150573.8912224361,12573.89122243604
5473,120000.00000000004,100950.05521577616,19049.944784223888
5474,104413.00000000009,50999.09004126649,53413.909958733595
549,99194.00000000001,197371.11957746212,98177.1195774621
5498,112000.00000000004,144263.108258419,32263.108258418957
5509,145000.00000000012,141852.90834105527,3147.091658944846
5513,66038.00000000004,76348.22208902118,10310.222089021132
5516,98000.00000000003,81068.79589086068,16931.204109139348
5518,127616.0000000001,69045.32142589215,58570.67857410795
5524,128304.00000000004,140401.05579005662,12097.055790056576
5527,124999.9999999999,134502.0560402578,9502.0560402579
5529,170000.00000000012,83739.98953775856,86260.01046224155
5530,53273.0,86052.50425706692,32779.50425706692
5531,92812.00000000007,75593.06674359812,17218.933256401957
5536,67999.99999999999,77612.896483326,9612.89648332601
5543,45933.99999999999,50016.560427990786,4082.560427990793
5551,46938.99999999998,49748.90096890847,2809.9009689084924
5553,90000.00000000001,106584.19868988819,16584.198689888173
5555,66128.00000000006,95973.17174737153,29845.171747371467
5557,51406.999999999985,64990.48841139267,13583.488411392682
5561,198000.00000000006,145618.6197775675,52381.38022243255
557,95132.00000000006,96578.6279765031,1446.6279765030486
5571,139999.9999999999,118894.74938208879,21105.250617911122
5575,170000.00000000012,185344.05768717948,15344.05768717936
5577,106733.00000000003,112113.40962816651,5380.409628166482
5580,199999.99999999997,109097.57417767216,90902.42582232782
5582,160900.00000000012,153642.48578609753,7257.514213902585
5585,83857.0,96694.82222974101,12837.82222974101
5587,46405.99999999998,72157.74735935124,25751.747359351262
5590,21888.000000000004,46911.83122270569,25023.831222705685
5602,124000.00000000007,155868.8776289021,31868.877628902017
5613,11999.999999999998,31708.38906435663,19708.389064356634
5617,81209.99999999994,44139.8029092484,37070.19709075154
5618,99634.99999999991,41589.25435146244,58045.74564853747
5621,68499.99999999999,99107.3679604094,30607.36796040942
5622,76570.00000000006,68802.77064195441,7767.229358045646
5626,162420.99999999988,83344.91300648736,79076.08699351252
5631,81038.0,72691.52088879133,8346.479111208668
5634,119804.99999999999,64053.50010138661,55751.49989861337
5651,73374.99999999996,68800.80152182648,4574.198478173479
5655,85439.99999999999,50542.21283917319,34897.787160826796
567,116014.99999999991,132815.6949601857,16800.694960185792
5697,48726.000000000044,69817.23493854958,21091.234938549533
5698,180000.00000000003,139823.75028581388,40176.24971418615
5699,25202.00000000001,58069.29801294212,32867.298012942105
5713,23168.999999999985,61202.063529684434,38033.06352968445
5715,139999.9999999999,197521.6003817635,57521.600381763594
5730,46405.99999999998,48302.18771905676,1896.187719056783
5734,87811.00000000004,61069.76165567406,26741.238344325982
5735,139999.9999999999,134107.33361560063,5892.6663843992865
574,82282.99999999996,79464.43694158146,2818.5630584184983
5741,54580.00000000001,47131.974597331595,7448.025402668412
576,46405.99999999998,62198.77850604143,15792.778506041454
5768,81590.00000000003,47853.55806789835,33736.441932101676
5770,185000.00000000006,134413.37948098266,50586.62051901739
5783,195028.00000000003,99719.58951368436,95308.41048631567
5799,116000.0000000001,123640.91956018787,7640.919560187773
5812,38171.00000000003,38431.45895001221,260.45895001218014
5815,34951.00000000002,44182.33025576443,9231.330255764406
5832,80000.0,79637.29535974847,362.70464025152614
5839,124999.9999999999,96721.71132470378,28278.28867529612
5842,225000.00000000015,171577.54640415817,53422.45359584197
5849,150000.00000000006,182059.23333287827,32059.23333287821
5854,73089.00000000006,63211.64979070816,9877.3502092919
5864,65533.000000000015,47319.139723408574,18213.86027659144
5869,18289.999999999993,33077.6379460406,14787.63794604061
5870,165000.00000000015,137349.3155193905,27650.684480609634
5894,360000.0000000001,242524.89535002073,117475.10464997939
5910,116014.99999999991,118165.08701879124,2150.087018791324
5918,42165.00000000002,57620.04224979669,15455.042249796665
5919,59822.000000000044,65555.8460038742,5733.846003874161
5928,60000.000000000015,42682.712732141874,17317.28726785814
5929,92812.00000000007,114026.68243008193,21214.682430081855
5930,186000.00000000012,178185.6748648753,7814.325135124818
5936,149755.99999999997,122167.19140530504,27588.80859469493
5943,17435.999999999993,42353.50944315449,24917.5094431545
5944,69609.0,96501.28579996245,26892.285799962454
5960,104413.00000000009,104023.10592304665,389.89407695343834
5969,280000.0,216195.91330374667,63804.08669625333
5975,37125.000000000015,28102.22307624539,9022.776923754624
598,92812.00000000007,108404.1199795011,15592.119979501033
5981,41765.00000000001,56748.01730904368,14983.017309043673
5989,30163.99999999999,36743.172911997324,6579.172911997335
602,204211.99999999997,120360.64371386054,83851.35628613943
6020,122526.99999999996,101725.71496910177,20801.285030898187
6021,66823.99999999996,72856.74507417051,6032.745074170554
6024,63807.999999999985,74429.24860734245,10621.248607342466
6047,58119.999999999985,29733.650138601497,28386.34986139849
605,69609.0,76062.56168930032,6453.561689300317
6057,62647.99999999997,52364.69493525544,10283.305064744534
6061,104198.99999999996,129275.9049373568,25076.90493735684
607,275123.9999999999,56316.21368791281,218807.7863120871
6091,50000.000000000015,49209.95817456347,790.0418254365431
6094,106190.00000000004,72072.38010062202,34117.61989937803
6097,64130.99999999996,68505.07659673852,4374.07659673856
61,67289.00000000001,91620.51655439485,24331.51655439484
611,30163.99999999999,27236.646736732117,2927.3532632678725
613,204211.99999999997,144921.59609319255,59290.40390680742
6131,70799.99999999996,65737.58356332248,5062.4164366774785
615,106733.00000000003,92927.07088360391,13805.929116396117
6153,92812.00000000007,91089.02351969828,1722.9764803017897
6156,77775.99999999997,76017.13632358723,1758.863676412744
6176,308604.99999999994,53870.492762083115,254734.5072379168
6179,199999.99999999997,191864.41011767296,8135.589882327011
6183,11869.000000000004,29821.211823632395,17952.21182363239
6189,109999.99999999991,164202.09670290805,54202.09670290814
62,197224.99999999994,139640.59217543332,57584.40782456662
6200,81209.99999999994,78435.12263946887,2774.8773605310707
6204,77730.00000000006,100688.85290017673,22958.852900176673
6249,232028.99999999985,108574.77547387914,123454.22452612071
6253,20820.000000000015,33860.89558179494,13040.895581794925
6257,32546.999999999978,31263.56345786674,1283.4365421332368
6258,60681.00000000004,116733.91163593797,56052.91163593793
6267,64967.999999999956,68319.21087651672,3351.210876516765
627,180000.00000000003,196188.67200930466,16188.672009304632
6282,133417.0,74985.81931657511,58431.180683424886
6297,152999.9999999999,120062.67681306416,32937.323186935755
6301,81262.00000000001,84722.14525545009,3460.145255450072
6312,235000.0,175523.0160061155,59476.983993884496
6315,123000.00000000009,141581.72095249212,18581.720952492033
6316,95864.99999999994,97166.94533772189,1301.945337721947
6317,88049.99999999993,99194.01672256339,11144.016722563465
6326,28309.000000000004,25124.002057604117,3184.9979423958866
6333,73553.0,71001.8826985701,2551.1173014298984
6340,20882.99999999999,29094.886405727735,8211.886405727746
6351,29999.99999999999,45082.3850124267,15082.385012426708
6353,170000.00000000012,121339.94760958271,48660.052390417404
6364,170000.00000000012,247217.32687690924,77217.32687690912
6366,180000.00000000003,185198.67023695272,5198.67023695269
6370,17594.000000000015,38596.34026052378,21002.340260523764
6388,219999.99999999983,191134.2652483159,28865.73475168392
639,58699.99999999998,81266.12534011278,22566.125340112798
6399,238000.0,224620.05909046964,13379.940909530356
6401,219999.99999999983,163372.47146606364,56627.52853393619
6409,219999.99999999983,145669.92510711073,74330.0748928891
6415,230000.0000000001,208072.63753383348,21927.36246616661
6418,89815.00000000001,78862.01471875832,10952.985281241694
6429,151777.0000000001,116006.27339917897,35770.726600821115
6431,92000.00000000007,129128.22905740002,37128.22905739995
6440,99194.00000000001,104771.07735921377,5577.077359213756
6460,139218.0000000001,84460.19466461937,54757.80533538072
6464,23202.99999999999,24105.274750606182,902.2747506061933
6467,270000.00000000006,219906.66763432807,50093.33236567199
6478,50000.000000000015,45596.553483964846,4403.446516035168
6481,87550.00000000007,74454.7913287679,13095.208671232176
6488,73089.00000000006,87542.84994591548,14453.849945915426
6491,36223.00000000002,78914.28640797094,42691.28640797092
6501,142268.99999999994,82843.64088980794,59425.359110192
6508,87011.00000000001,44762.5085549307,42248.49144506932
651,72957.99999999994,83155.25971361095,10197.259713611013
6518,51486.00000000002,64027.05438942745,12541.05438942743
652,182270.00000000003,170196.0635885931,12073.936411406932
6521,84999.99999999996,58346.53722837763,26653.462771622326
6523,111975.00000000004,77026.66039952644,34948.3396004736
6527,58006.99999999995,85842.27829805667,27835.27829805672
6535,159999.99999999997,143146.06431646406,16853.935683535907
654,233000.0000000001,207148.14274246673,25851.857257533353
6542,104413.00000000009,65833.88665007475,38579.113349925334
6550,75409.99999999997,68063.34231887983,7346.657681120138
6556,83046.00000000006,81282.57052943845,1763.4294705616048
6558,324999.9999999999,148531.84926297062,176468.15073702927
6572,32766.999999999985,83080.66486966515,50313.66486966517
6587,59096.00000000003,89610.17735722428,30514.177357224253
6589,112317.00000000004,176316.93390107868,63999.933901078635
6592,65663.00000000003,53834.12744107532,11828.872558924711
6597,217728.99999999983,129964.52662082322,87764.4733791766
6598,229000.00000000006,227908.77287202227,1091.2271279777924
6612,110214.00000000007,90805.97410479795,19408.025895202125
662,116014.99999999991,106487.40239831214,9527.597601687768
6644,19028.00000000001,33820.28835100025,14792.28835100024
6651,40605.000000000015,47671.33587583833,7066.335875838318
6658,117081.99999999993,106510.22446990933,10571.7755300906
6660,61488.00000000001,59082.03262946646,2405.9673705335445
6665,20882.99999999999,130817.88691937452,109934.88691937453
6675,97451.99999999997,92392.2815463582,5059.718453641777
6676,134999.99999999997,190605.6870850234,55605.68708502344
6690,68071.00000000004,67850.96840506048,220.031594939559
6702,150000.00000000006,198010.5612908337,48010.56129083363
6712,98611.99999999996,80261.36018565684,18350.639814343114
6725,162522.99999999994,112520.65926340628,50002.34073659366
673,130000.00000000009,195280.84224360524,65280.84224360515
6730,75409.99999999997,95891.33495261424,20481.33495261427
6739,95999.99999999996,96606.56162991966,606.561629919699
6742,104000.00000000003,92584.39094594083,11415.609054059198
6751,31809.000000000015,21476.473690649367,10332.526309350647
6756,48726.000000000044,52316.40552717318,3590.405527173134
676,16541.999999999993,58243.88584116461,41701.885841164614
6761,134999.99999999997,209028.66034425626,74028.66034425629
6772,152999.9999999999,163221.9630904914,10221.963090491481
6773,21480.000000000015,29392.40743927127,7912.407439271254
6775,180000.00000000003,195536.52917994105,15536.529179941019
6778,41785.999999999985,53272.481090758105,11486.48109075812
678,121815.0000000001,117901.1039106381,3913.896089361995
6791,108000.00000000001,161163.54838086775,53163.54838086774
68,75472.00000000006,64306.982796361845,11165.017203638214
6800,299999.99999999977,184528.6525151852,115471.34748481456
6809,14419.99999999999,16807.143332183852,2387.1433321838613
681,131200.0,157235.58356240252,26035.58356240252
6813,134999.99999999997,237479.07315589616,102479.07315589619
6817,185000.00000000006,187008.39552523175,2008.3955252316955
6821,81209.99999999994,62434.55273210906,18775.44726789088
6824,227532.99999999997,130132.11919012971,97400.88080987026
683,41765.00000000001,52620.73240837115,10855.732408371143
6830,120000.00000000004,122424.4658128942,2424.465812894152
6833,38171.00000000003,30772.64107570245,7398.3589242975795
6839,77832.00000000003,55725.16110116323,22106.838898836802
6840,230000.0000000001,175675.39261804754,54324.60738195255
6844,91013.00000000006,71403.08010224738,19609.919897752683
6885,83980.99999999997,62814.30744018542,21166.692559814554
6889,74248.99999999999,84373.03533261838,10124.035332618398
6890,58471.0,66646.0099867456,8175.009986745601
690,219999.99999999983,160722.351999476,59277.648000523826
6913,98611.99999999996,76567.93381417888,22044.06618582108
6927,123993.0000000001,151309.29246535167,27316.292465351566
6929,69609.0,89564.77763377775,19955.777633777747
6941,50000.000000000015,36872.72052013367,13127.279479866345
695,23202.99999999999,56974.07374543716,33771.07374543717
6956,106871.00000000006,124823.68783388527,17952.68783388521
6965,23247.999999999993,39935.844094049906,16687.844094049913
6981,82906.0,48550.75991421513,34355.24008578487
6984,88493.99999999997,86651.75403936945,1842.2459606305201
6991,47566.000000000015,73283.33342874963,25717.33342874961
6992,84999.99999999996,101818.33213985055,16818.332139850594
7000,28511.0,51682.19690417925,23171.196904179247
7005,104821.99999999997,84824.42355302756,19997.57644697241
7013,25573.000000000022,22902.515506966498,2670.484493033524
7028,83322.00000000004,78749.23000984805,4572.769990151995
7029,63807.999999999985,50123.54203208732,13684.457967912662
7037,18330.000000000004,29973.915691173177,11643.915691173173
704,40055.999999999985,52061.27097653345,12005.270976533466
7040,67702.00000000001,123498.2097204568,55796.20972045678
7051,21888.000000000004,58642.76825763765,36754.76825763764
7057,85460.00000000004,17805.13414531254,67654.86585468751
7063,78889.99999999996,98516.60422743578,19626.60422743582
7067,69609.0,61804.96044144312,7804.039558556877
7070,130703.00000000006,47694.01885079037,83008.98114920969
7080,39316.99999999999,38745.46114280648,571.5388571935109
7090,37821.000000000015,37384.0077085209,436.99229147911683
7091,70208.00000000001,73942.05241399183,3734.0524139918125
7092,127616.0000000001,77263.52892563201,50352.47107436809
7093,130000.00000000009,104520.05768290826,25479.94231709183
7101,175000.00000000012,144167.75677018947,30832.243229810643
7102,66709.0,67578.37806421168,869.3780642116762
7109,66320.99999999994,41949.73144695795,24371.26855304199
7116,16241.999999999995,20310.34303720208,4068.3430372020866
7117,102105.99999999996,101925.6545437743,180.34545622565201
7126,71500.00000000001,151417.34231113142,79917.3423111314
717,71928.99999999996,68313.42494973517,3615.575050264786
720,90000.00000000001,80529.54203149735,9470.45796850267
721,109999.99999999991,130350.16305845462,20350.16305845471
7232,148247.99999999997,127875.02415497828,20372.97584502169
7237,90491.00000000006,97825.3965208998,7334.39652089974
725,189122.00000000012,168361.51450465282,20760.485495347297
7299,33644.00000000001,28841.395146843166,4802.604853156841
73,150000.00000000006,167460.8315161115,17460.831516111444
7304,95298.99999999993,95631.62827598602,332.62827598609147
732,93387.00000000001,92689.4871668494,697.512833150613
733,174021.99999999988,125031.15983842875,48990.840161571134
7343,87550.00000000007,80757.08852034203,6792.91147965804
7362,27959.999999999975,52152.75995419388,24192.75995419391
7410,199999.99999999997,165783.80063907304,34216.19936092693
7414,98000.00000000003,81279.50417604505,16720.495823954974
743,197224.99999999994,89845.7471438028,107379.25285619714
746,66823.99999999996,54527.13591417505,12296.864085824905
7499,25058.99999999999,33160.58114762408,8101.581147624089
75,20676.999999999993,68176.5860606802,47499.58606068021
7508,72957.99999999994,98608.63765603179,25650.637656031846
755,120000.00000000004,134737.5691376827,14737.569137682658
7563,90491.00000000006,85520.11011983304,4970.889880167015
758,84999.99999999996,97316.45994223852,12316.459942238565
7584,55686.999999999956,34408.45493119198,21278.545068807973
76,72957.99999999994,83536.5842903038,10578.584290303857
766,62893.0,90071.58208291134,27178.582082911336
768,104999.99999999997,67131.83721560956,37868.16278439041
769,71928.99999999996,68073.26014929388,3855.7398507060716
770,110214.00000000007,108134.43722362984,2079.562776370236
7711,96299.99999999997,149498.0836784175,53198.08367841752
7716,110214.00000000007,88801.10514445716,21412.89485554291
772,50993.99999999996,75546.5506924946,24552.55069249463
7732,52206.99999999997,66826.59602294548,14619.596022945509
7747,104413.00000000009,91688.20441955749,12724.795580442602
7769,240000.00000000003,175799.15627927092,64200.84372072911
7779,116014.99999999991,72420.82770221542,43594.17229778449
7780,166172.00000000012,23336.83630255867,142835.16369744146
7800,74248.99999999999,92180.90703794078,17931.907037940793
7885,170000.00000000012,150770.57499119063,19229.425008809485
7906,91275.99999999997,83817.46579243579,7458.534207564182
7907,15042.999999999996,20910.875655433432,5867.875655433436
792,109999.99999999991,120534.39096545921,10534.3909654593
7936,219999.99999999983,171157.77040855004,48842.22959144978
7951,130000.00000000009,128216.49562212847,1783.5043778716208
7977,106190.00000000004,117679.68441367644,11489.684413676398
798,149950.00000000012,136541.64821521787,13408.351784782251
8006,299511.0,147268.70088932783,152242.29911067217
8030,83531.00000000003,125878.49934608693,42347.4993460869
8078,90667.00000000006,50236.408136652346,40430.59186334771
8080,28109.00000000001,34621.15478218281,6512.154782182803
8095,199999.99999999997,126761.89581739299,73238.10418260698
8098,189999.9999999999,171578.93955498104,18421.06044501887
8126,33071.99999999997,21544.725265431796,11527.274734568175
813,173589.99999999985,158062.5318135352,15527.468186464655
8143,46405.99999999998,57208.04355471528,10802.043554715303
8185,17256.00000000001,35706.45588619364,18450.455886193628
820,84408.0,88361.26738279921,3953.267382799211
8203,145600.00000000012,164966.80733322716,19366.807333227043
8221,104976.00000000009,82927.85915059353,22048.140849406554
8285,97103.99999999993,92166.16982925443,4937.830170745496
8289,92812.00000000007,106035.9668451633,13223.966845163231
83,87011.00000000001,69579.11340026098,17431.88659973904
8320,95515.00000000003,87578.67501464867,7936.324985351355
8349,25793.000000000022,13005.218769940506,12787.781230059516
8405,80322.99999999999,92361.53731629069,12038.537316290705
842,19575.00000000002,21033.63241650549,1458.632416505472
8425,58119.999999999985,44248.79841383674,13871.201586163246
845,103000.00000000001,110615.81163991005,7615.81163991004
8455,64967.999999999956,64526.560543960186,441.43945603977045
848,104000.00000000003,125638.2468135787,21638.246813578677
8502,63797.00000000006,63259.70575871939,537.294241280666
852,177000.00000000006,156337.63067314916,20662.369326850894
8524,110214.00000000007,102271.84894333854,7942.1510566615325
8549,97451.99999999997,70394.66909118445,27057.330908815522
8560,82370.00000000001,52132.539288529755,30237.46071147026
8564,123000.00000000009,113790.67983858255,9209.320161417534
8582,68071.00000000004,96866.8066624855,28795.806662485455
8585,130992.0,79436.80389572837,51555.19610427163
8594,126473.00000000012,141264.7470965172,14791.747096517094
86,139218.0000000001,93244.08950024121,45973.91049975887
8613,48726.000000000044,102693.7390659105,53967.73906591046
862,44999.999999999985,40290.08723126899,4709.912768730996
8620,210000.0,178581.82253448886,31418.177465511137
8629,64388.000000000015,66708.87616555326,2320.8761655532435
8642,69609.0,70038.89893525743,429.8989352574281
8669,116014.99999999991,78863.48467019368,37151.515329806236
867,127616.0000000001,90863.79998080054,36752.20001919956
8688,75907.99999999997,64200.24751796435,11707.75248203562
8698,54941.000000000044,56805.75941649676,1864.7594164967159
8739,83531.00000000003,97353.773172042,13822.773172041969
878,189999.9999999999,194299.9076274234,4299.907627423498
8802,150819.0000000001,72095.26662683419,78723.7333731659
8811,165000.00000000015,137423.62461885964,27576.375381140504
8812,101428.00000000004,65840.152884288,35587.84711571204
8825,122526.99999999996,119965.67351077669,2561.326489223269
8834,45508.99999999996,34802.89938514849,10706.100614851472
8882,64999.999999999956,85175.26305341143,20175.263053411472
8888,35000.00000000001,78550.79081914715,43550.79081914714
889,55686.999999999956,86342.59395098111,30655.593950981158
8896,42786.0,29368.355947608216,13417.644052391784
89,13648.999999999993,19515.744943395992,5866.744943395999
8918,70769.00000000004,90305.19657850578,19536.19657850574
892,55136.00000000001,31615.586486026634,23520.413513973373
8927,29999.99999999999,36742.32710423962,6742.327104239634
8971,16705.999999999996,30516.47597006406,13810.475970064064
9001,74500.00000000001,106463.88071703912,31963.88071703911
9004,85360.99999999999,97397.43789585395,12036.43789585396
9028,169023.9999999999,142676.21018129014,26347.789818709774
9030,40605.000000000015,55836.663049670635,15231.66304967062
9038,104413.00000000009,65302.824417502045,39110.17558249804
9044,199999.99999999997,166116.9056517742,33883.09434822577
9045,116014.99999999991,74657.13386807863,41357.866131921284
9048,170176.99999999988,156983.23990146094,13193.760098538944
905,43505.00000000001,54917.28461605124,11412.284616051234
9052,180000.00000000003,192085.75548590985,12085.755485909816
9077,11053.999999999993,109358.38321940621,98304.38321940621
9086,109999.99999999991,55376.579459156135,54623.42054084378
9114,116999.99999999991,109582.20252147145,7417.7974785284605
9122,117016.99999999993,97636.09271429456,19380.90728570537
9126,31090.00000000001,40361.351473701805,9271.351473701794
9128,150000.00000000006,143420.35629883513,6579.643701164925
9133,79510.99999999999,97830.88043432638,18319.88043432639
9141,170000.00000000012,189701.31826820777,19701.31826820766
9157,108000.00000000001,140184.31245967402,32184.31245967401
9177,249999.9999999998,184464.02544305247,65535.97455694733
9193,12999.999999999995,44383.38915746938,31383.389157469384
9207,154731.0,61524.934923925175,93206.06507607482
926,88492.00000000003,82408.4911544353,6083.508845564735
9300,145699.00000000006,149876.37597482535,4177.375974825292
9310,45508.99999999996,62373.02367842112,16864.02367842116
9322,20342.000000000015,17473.98995463575,2868.0100453642663
9326,100000.00000000004,86794.49976296593,13205.50023703411
9337,11612.999999999995,15491.893274408654,3878.8932744086596
9343,25573.000000000022,39739.105813071634,14166.105813071612
9358,58006.99999999995,37960.339175795474,20046.660824204475
9364,67289.00000000001,84627.12021922763,17338.12021922761
9384,155521.00000000012,142166.06756758422,13354.932432415895
9385,130018.99999999999,137390.49265792436,7371.4926579243765
9406,60000.000000000015,87142.35866452227,27142.358664522253
9427,104999.99999999997,130651.97334454943,25651.973344549464
9484,54526.99999999996,43337.03722609434,11189.962773905623
9489,34871.99999999999,31336.19003131696,3535.809968683032
9495,40605.000000000015,19034.96484261736,21570.035157382656
9503,45109.99999999996,45154.35739061863,44.357390618664795
9519,44689.00000000001,42073.67550073423,2615.3244992657783
9560,53797.999999999985,75866.89022278898,22068.890222788992
9564,15948.999999999987,37059.759232296325,21110.75923229634
9578,97514.00000000009,90787.03719359831,6726.962806401774
958,116014.99999999991,79289.41727312484,36725.58272687507
9598,232028.99999999985,107286.07407828313,124742.92592171673
9608,189999.9999999999,122601.44519720215,67398.55480279776
9618,39319.99999999997,30266.530779509907,9053.469220490064
9624,83531.00000000003,64979.56101435508,18551.43898564495
9643,234027.99999999985,70402.28288033066,163625.7171196692
965,58999.99999999997,165161.6477706956,106161.64777069562
9662,16241.999999999995,21707.92701834027,5465.927018340275
9663,99914.99999999993,30712.68055969519,69202.31944030474
9674,163369.99999999988,135544.16919387176,27825.830806128128
968,65348.00000000003,117939.71325892574,52591.71325892571
9702,47389.000000000015,30594.642783935247,16794.357216064767
9770,46405.99999999998,53999.75677058013,7593.756770580148
9773,203026.0,132499.1118281645,70526.88817183551
9779,136141.0000000001,91819.83564169251,44321.16435830758
9781,39465.00000000001,25690.878896571485,13774.121103428522
9784,58006.99999999995,131271.0673551479,73264.06735514797
9787,76565.99999999994,58709.38115966096,17856.618840338982
9788,148791.0000000001,120847.79735017841,27943.202649821673
9790,89794.99999999997,93645.74262984282,3850.7426298428472
9792,33885.99999999997,49764.485072260526,15878.485072260555
9804,133417.0,106784.31405206282,26632.685947937178
9811,92812.00000000007,89327.02803249583,3484.9719675042434
9819,104413.00000000009,108304.63179593398,3891.631795933892
9821,64967.999999999956,69283.89752427314,4315.897524273183
9833,62647.99999999997,50938.72609440491,11709.273905595059
9869,63807.999999999985,54374.46033928489,9433.539660715098
9870,150819.0000000001,115310.56850359825,35508.43149640184
9871,92812.00000000007,60961.37838234019,31850.621617659883
9876,85850.99999999993,70779.04184797684,15071.958152023086
9878,81685.0,93012.67011712528,11327.670117125279
9884,13949.000000000002,12752.968215410607,1196.031784589395
989,61530.999999999956,72395.11439946532,10864.114399465368
9901,60328.00000000003,66829.27304794399,6501.273047943963
9905,31634.99999999999,59530.41128719788,27895.41128719789
9912,102105.99999999996,128261.58978957453,26155.589789574573
9924,92812.00000000007,76291.07015074774,16520.929849252338
9926,97066.99999999996,88320.50977984202,8746.490220157939
9932,47566.000000000015,36181.10194624445,11384.898053755562
9940,60328.00000000003,41144.0806651475,19183.91933485253
9943,56846.99999999997,62777.127765271056,5930.127765271085
9948,46405.99999999998,52623.55343320866,6217.553433208683
9966,96714.00000000003,98694.42559388977,1980.4255938897404
9995,20109.000000000007,39213.50835553871,19104.508355538703
